gamePk,attendance,attendance_high_for_date,attendance_low_for_date,is_doubleheader_date
778563,42365.0,42365.0,42365.0,False
778564,42367.0,42367.0,42367.0,False
778557,46208.0,46208.0,46208.0,False
778556,40734.0,40734.0,40734.0,False
778545,45568.0,45568.0,45568.0,False
778553,37585.0,37585.0,37585.0,False
778555,41231.0,41231.0,41231.0,False
778558,39393.0,39393.0,39393.0,False
778561,43876.0,43876.0,43876.0,False
778559,42305.0,42305.0,42305.0,False
778554,31403.0,31403.0,31403.0,False
778551,47395.0,47395.0,47395.0,False
778546,53595.0,53595.0,53595.0,False
778552,49070.0,49070.0,49070.0,False
778547,42871.0,42871.0,42871.0,False
778562,31693.0,31693.0,31693.0,False
778549,26289.0,26289.0,26289.0,False
778518,37004.0,37004.0,37004.0,False
778560,10046.0,10046.0,10046.0,False
778548,9838.0,9838.0,9838.0,False
778542,41058.0,41058.0,41058.0,False
778544,52029.0,52029.0,52029.0,False
778543,37449.0,37449.0,37449.0,False
778541,25061.0,25061.0,25061.0,False
778550,26762.0,26762.0,26762.0,False
778535,38446.0,38446.0,38446.0,False
778537,10046.0,10046.0,10046.0,False
778538,46683.0,46683.0,46683.0,False
778528,30712.0,30712.0,30712.0,False
778536,27005.0,27005.0,27005.0,False
778529,22019.0,22019.0,22019.0,False
778534,20602.0,20602.0,20602.0,False
778539,10207.0,10207.0,10207.0,False
778531,32251.0,32251.0,32251.0,False
778530,41742.0,41742.0,41742.0,False
778520,40587.0,40587.0,40587.0,False
778521,35264.0,35264.0,35264.0,False
778532,36407.0,36407.0,36407.0,False
778533,51788.0,51788.0,51788.0,False
778540,40200.0,40200.0,40200.0,False
778510,15414.0,15414.0,15414.0,False
778523,41803.0,41803.0,41803.0,False
778525,21069.0,21069.0,21069.0,False
778522,14089.0,14089.0,14089.0,False
778524,10046.0,10046.0,10046.0,False
778526,28075.0,28075.0,28075.0,False
778527,19591.0,19591.0,19591.0,False
778516,29137.0,29137.0,29137.0,False
778515,39145.0,39145.0,39145.0,False
778513,27696.0,27696.0,27696.0,False
778514,41269.0,41269.0,41269.0,False
778517,26923.0,26923.0,26923.0,False
778519,15490.0,15490.0,15490.0,False
778506,10423.0,10423.0,10423.0,False
778504,41922.0,41922.0,41922.0,False
778512,45002.0,45002.0,45002.0,False
778502,44595.0,44595.0,44595.0,False
778511,10533.0,10533.0,10533.0,False
778509,12953.0,12953.0,12953.0,False
778507,20137.0,20137.0,20137.0,False
778503,21206.0,21206.0,21206.0,False
778505,28324.0,28324.0,28324.0,False
778499,43404.0,43404.0,43404.0,False
778496,15306.0,15306.0,15306.0,False
778500,50816.0,50816.0,50816.0,False
778501,12119.0,12119.0,12119.0,False
778508,10046.0,10046.0,10046.0,False
778492,37482.0,37482.0,37482.0,False
778488,18008.0,18008.0,18008.0,False
778497,13740.0,13740.0,13740.0,False
778493,10046.0,10046.0,10046.0,False
778490,12089.0,12089.0,12089.0,False
778491,21845.0,21845.0,21845.0,False
778495,21306.0,21306.0,21306.0,False
778487,50182.0,50182.0,50182.0,False
778489,30314.0,30314.0,30314.0,False
778485,37120.0,37120.0,37120.0,False
778486,17333.0,17333.0,17333.0,False
778494,10095.0,10095.0,10095.0,False
778498,14852.0,14852.0,14852.0,False
778476,35858.0,35858.0,35858.0,False
778479,10046.0,10046.0,10046.0,False
778477,19112.0,19112.0,19112.0,False
778480,13322.0,13322.0,13322.0,False
778478,20104.0,20104.0,20104.0,False
778471,9342.0,9342.0,9342.0,False
778474,10193.0,10193.0,10193.0,False
778469,15560.0,15560.0,15560.0,False
778482,37550.0,37550.0,37550.0,False
778481,10598.0,10598.0,10598.0,False
778472,50281.0,50281.0,50281.0,False
778484,40558.0,40558.0,40558.0,False
778475,24114.0,24114.0,24114.0,False
778483,18146.0,18146.0,18146.0,False
778473,20309.0,20309.0,20309.0,False
778470,16656.0,16656.0,16656.0,False
778467,34097.0,34097.0,34097.0,False
778462,36783.0,36783.0,36783.0,False
778468,20113.0,20113.0,20113.0,False
778466,43382.0,43382.0,43382.0,False
778457,18974.0,18974.0,18974.0,False
778458,44735.0,44735.0,44735.0,False
778463,36462.0,36462.0,36462.0,False
778461,36893.0,36893.0,36893.0,False
778465,43945.0,43945.0,43945.0,False
778444,40865.0,40865.0,40865.0,False
778460,40244.0,40244.0,40244.0,False
778459,43024.0,43024.0,43024.0,False
778464,41583.0,41583.0,41583.0,False
778455,14196.0,14196.0,14196.0,False
778454,24483.0,24483.0,24483.0,False
778453,23004.0,23004.0,23004.0,False
778447,44749.0,44749.0,44749.0,False
778456,48015.0,48015.0,48015.0,False
778445,26098.0,26098.0,26098.0,False
778440,16082.0,16082.0,16082.0,False
778450,35391.0,35391.0,35391.0,False
778452,25916.0,25916.0,25916.0,False
778448,44404.0,44404.0,44404.0,False
778449,30570.0,30570.0,30570.0,False
778438,29058.0,29058.0,29058.0,False
778436,40886.0,40886.0,40886.0,False
778446,37694.0,37694.0,37694.0,False
778451,39732.0,39732.0,39732.0,False
778442,27599.0,27599.0,27599.0,False
778437,41128.0,41128.0,41128.0,False
778439,32772.0,32772.0,32772.0,False
778441,14383.0,14383.0,14383.0,False
778422,19098.0,19098.0,19098.0,False
778429,14528.0,14528.0,14528.0,False
778443,31495.0,31495.0,28276.0,True
778432,28276.0,31495.0,28276.0,True
778434,44098.0,44098.0,44098.0,False
778428,22898.0,22898.0,22898.0,False
778435,40132.0,40132.0,40132.0,False
778427,41060.0,41060.0,41060.0,False
778419,14638.0,14638.0,14638.0,False
778421,25778.0,25778.0,25778.0,False
778430,33941.0,33941.0,33941.0,False
778420,25614.0,25614.0,25614.0,False
778423,26207.0,26207.0,26207.0,False
778425,41480.0,41480.0,41480.0,False
778433,20981.0,20981.0,20981.0,False
778418,22546.0,22546.0,22546.0,False
778424,14132.0,14132.0,14132.0,False
778415,8250.0,8250.0,8250.0,False
778426,25788.0,25788.0,25788.0,False
778416,28630.0,28630.0,28630.0,False
778412,12041.0,12041.0,12041.0,False
778414,9502.0,9502.0,9502.0,False
778410,30138.0,30138.0,30138.0,False
778411,27017.0,27017.0,27017.0,False
778413,20333.0,20333.0,20333.0,False
778405,19383.0,19383.0,19383.0,False
778406,33508.0,33508.0,33508.0,False
778402,33722.0,33722.0,33722.0,False
778407,28861.0,28861.0,28861.0,False
778408,8291.0,8291.0,8291.0,False
778404,25575.0,25575.0,25575.0,False
778417,10046.0,10046.0,10046.0,False
778409,24847.0,24847.0,24847.0,False
778401,27694.0,27694.0,27694.0,False
778394,18657.0,18657.0,18657.0,False
778396,23843.0,23843.0,23843.0,False
778398,22409.0,22409.0,22409.0,False
778397,30261.0,30261.0,30261.0,False
778395,9018.0,9018.0,9018.0,False
778400,13008.0,13008.0,13008.0,False
778403,14156.0,14156.0,14156.0,False
778389,8430.0,8430.0,8430.0,False
778392,21014.0,21014.0,21014.0,False
778390,29232.0,29232.0,29232.0,False
778387,14616.0,14616.0,14616.0,False
778385,23590.0,23590.0,23590.0,False
778381,10553.0,10553.0,10553.0,False
778380,22411.0,22411.0,22411.0,False
778379,18867.0,18867.0,18867.0,False
778386,29441.0,29441.0,29441.0,False
778383,20556.0,20556.0,20556.0,False
778391,12997.0,12997.0,12997.0,False
778399,10046.0,10046.0,10046.0,False
778393,35323.0,35323.0,35323.0,False
778388,13156.0,13156.0,13156.0,False
778376,35186.0,35186.0,35186.0,False
778382,10046.0,10046.0,10046.0,False
778371,18593.0,18593.0,18593.0,False
778378,12663.0,12663.0,12663.0,False
778377,25128.0,25128.0,25128.0,False
778384,36630.0,36630.0,36630.0,False
778373,14730.0,14730.0,14730.0,False
778363,12900.0,12900.0,12900.0,False
778374,16375.0,16375.0,16375.0,False
778367,10046.0,10046.0,10046.0,False
778370,35286.0,35286.0,35286.0,False
778369,9094.0,9094.0,9094.0,False
778366,13432.0,13432.0,13432.0,False
778375,15430.0,15430.0,15430.0,False
778364,32026.0,32026.0,32026.0,False
778365,32309.0,32309.0,32309.0,False
778360,28366.0,28366.0,28366.0,False
778358,9632.0,9632.0,9632.0,False
778356,53933.0,53933.0,53933.0,False
778361,44089.0,44089.0,44089.0,False
778368,34459.0,34459.0,34459.0,False
778362,22130.0,22130.0,22130.0,False
778354,18549.0,18549.0,18549.0,False
778348,23391.0,23391.0,23391.0,False
778347,30791.0,30791.0,30791.0,False
778355,35455.0,35455.0,35455.0,False
778346,10133.0,10133.0,10133.0,False
778353,10046.0,10046.0,10046.0,False
778350,34853.0,34853.0,34853.0,False
778345,53887.0,53887.0,53887.0,False
778359,20256.0,20256.0,20256.0,False
778357,31188.0,31188.0,31188.0,False
778351,36102.0,36102.0,36102.0,False
778352,44066.0,44066.0,44066.0,False
778341,29943.0,29943.0,29943.0,False
778349,30423.0,30423.0,30423.0,False
778335,15693.0,15693.0,15693.0,False
778344,27193.0,27193.0,27193.0,False
778339,36449.0,36449.0,36449.0,False
778342,17864.0,17864.0,17864.0,False
778343,24358.0,24358.0,24358.0,False
778340,10046.0,10046.0,10046.0,False
778337,14074.0,14074.0,14074.0,False
778329,37032.0,37032.0,37032.0,False
778336,32509.0,32509.0,32509.0,False
778331,50899.0,50899.0,50899.0,False
778332,30057.0,30057.0,30057.0,False
778338,18840.0,18840.0,18840.0,False
778330,42706.0,42706.0,42706.0,False
778333,10036.0,10036.0,10036.0,False
778334,25100.0,25100.0,25100.0,False
778324,10240.0,10240.0,10240.0,False
778320,40636.0,40636.0,40636.0,False
778327,42648.0,42648.0,42648.0,False
778322,21595.0,21595.0,21595.0,False
778328,10046.0,10046.0,10046.0,False
778323,20892.0,20892.0,20892.0,False
778315,47078.0,47078.0,47078.0,False
778326,52693.0,52693.0,52693.0,False
778325,21977.0,21977.0,21977.0,False
778321,10402.0,10402.0,10402.0,False
778317,14203.0,14203.0,14203.0,False
778311,26979.0,26979.0,26979.0,False
778314,8340.0,8340.0,8340.0,False
778316,17205.0,17205.0,17205.0,False
778318,7324.0,7324.0,7324.0,False
778313,38119.0,38119.0,38119.0,False
778319,10046.0,10046.0,10046.0,False
778309,10673.0,10673.0,10673.0,False
778307,12507.0,12507.0,12507.0,False
778310,18396.0,18396.0,18396.0,False
778306,24501.0,24501.0,24501.0,False
778305,42492.0,42492.0,42492.0,False
778302,53198.0,53198.0,53198.0,False
778312,43601.0,43601.0,43601.0,False
778308,22285.0,22285.0,22285.0,False
778301,13964.0,13964.0,13964.0,False
778304,11817.0,11817.0,11817.0,False
778297,25328.0,25328.0,25328.0,False
778299,19721.0,19721.0,19721.0,False
778295,22360.0,22360.0,22360.0,False
778290,30360.0,30360.0,30360.0,False
778288,41562.0,41562.0,41562.0,False
778293,8529.0,8529.0,8529.0,False
778303,8438.0,8438.0,8438.0,False
778298,10046.0,10046.0,10046.0,False
778300,43720.0,43720.0,43720.0,False
778294,10411.0,10411.0,10411.0,False
778289,20535.0,20535.0,20535.0,False
778296,38532.0,38532.0,38532.0,False
778287,52143.0,52143.0,52143.0,False
778291,8616.0,8616.0,8616.0,False
778280,12748.0,12748.0,12748.0,False
778285,18032.0,18032.0,18032.0,False
778283,10560.0,10560.0,10560.0,False
778279,41321.0,41321.0,41321.0,False
778292,16201.0,16201.0,16201.0,False
778286,15769.0,15769.0,15769.0,False
778282,10046.0,10046.0,10046.0,False
778278,38246.0,38246.0,38246.0,False
778281,26279.0,26279.0,26279.0,False
778270,39627.0,39627.0,39627.0,False
778268,39109.0,39109.0,39109.0,False
778277,25754.0,25754.0,25754.0,False
778274,44949.0,44949.0,44949.0,False
778276,42587.0,42587.0,42587.0,False
778272,10046.0,10046.0,10046.0,False
778269,41431.0,41431.0,41431.0,False
778271,27900.0,27900.0,27900.0,False
778275,35620.0,35620.0,35620.0,False
778284,39142.0,39142.0,39142.0,False
778263,38623.0,38623.0,38623.0,False
778261,25008.0,25008.0,25008.0,False
778260,43912.0,43912.0,43912.0,False
778273,40263.0,40263.0,40263.0,False
778252,45045.0,45045.0,45045.0,False
778251,39244.0,39244.0,39244.0,False
778265,32043.0,32043.0,32043.0,False
778257,36002.0,36002.0,36002.0,False
778258,36775.0,36775.0,36775.0,False
778256,42339.0,42339.0,42339.0,False
778254,37713.0,37713.0,37713.0,False
778247,24606.0,24606.0,24606.0,False
778264,36559.0,36559.0,36559.0,False
778255,10046.0,10046.0,10046.0,False
778259,39287.0,39287.0,39287.0,False
778253,30659.0,30659.0,30659.0,False
778267,39278.0,39278.0,39278.0,False
778243,44374.0,44374.0,44374.0,False
778262,28534.0,28534.0,28534.0,False
778244,38347.0,38347.0,38347.0,False
778242,12433.0,12433.0,12433.0,False
778249,31889.0,31889.0,31889.0,False
778250,19053.0,19053.0,19053.0,False
778248,45079.0,45079.0,45079.0,False
778241,25752.0,25752.0,25752.0,False
778246,17712.0,17712.0,17712.0,False
778245,32632.0,32632.0,32632.0,False
778240,10046.0,10046.0,10046.0,False
778239,21512.0,21512.0,21512.0,False
778236,29062.0,29062.0,29062.0,False
778237,31940.0,31940.0,31940.0,False
778234,38110.0,38110.0,38110.0,False
778266,18703.0,24176.0,18703.0,True
778232,36026.0,36026.0,36026.0,False
778235,24176.0,24176.0,18703.0,True
778225,35430.0,35430.0,35430.0,False
778238,34721.0,34721.0,34721.0,False
778227,20896.0,20896.0,20896.0,False
778228,17581.0,17581.0,17581.0,False
778233,30180.0,30180.0,30180.0,False
778231,28219.0,28219.0,28219.0,False
778226,31758.0,31758.0,31758.0,False
778230,7646.0,7646.0,7646.0,False
778224,33027.0,33027.0,33027.0,False
778218,21549.0,21549.0,21549.0,False
778215,14567.0,14567.0,14567.0,False
778221,19321.0,19321.0,19321.0,False
778219,7996.0,7996.0,7996.0,False
778222,29504.0,29504.0,29504.0,False
778223,36468.0,36468.0,36468.0,False
778220,36425.0,36425.0,36425.0,False
778216,11828.0,11828.0,11828.0,False
778211,30439.0,30439.0,30439.0,False
778212,21810.0,21810.0,21810.0,False
778210,28573.0,28573.0,28573.0,False
778213,10059.0,10059.0,10059.0,False
778229,35876.0,35876.0,35876.0,False
778217,29825.0,29825.0,29825.0,False
778209,21016.0,21016.0,21016.0,False
778205,37150.0,37150.0,37150.0,False
778214,34009.0,34009.0,34009.0,False
778203,36863.0,36863.0,36863.0,False
778206,23981.0,23981.0,23981.0,False
778204,22246.0,22246.0,22246.0,False
778208,6575.0,6575.0,6575.0,False
778201,12407.0,12407.0,12407.0,False
778200,25209.0,25209.0,25209.0,False
778202,31256.0,31256.0,31256.0,False
778199,16100.0,16100.0,16100.0,False
778197,9806.0,9806.0,9806.0,False
778198,29049.0,29049.0,29049.0,False
778207,31904.0,31904.0,31904.0,False
778194,28592.0,28592.0,28592.0,False
778189,12414.0,12414.0,12414.0,False
778196,35655.0,35655.0,35655.0,False
778195,15601.0,15601.0,15601.0,True
778191,29060.0,29060.0,29060.0,False
778193,23058.0,23058.0,23058.0,False
778188,20661.0,20661.0,20661.0,False
778192,9008.0,9008.0,9008.0,False
778190,15601.0,15601.0,15601.0,True
778183,30277.0,30277.0,30277.0,False
778187,19003.0,19003.0,19003.0,False
778172,43319.0,43319.0,43319.0,False
778182,32880.0,32880.0,32880.0,False
778184,24437.0,24437.0,24437.0,False
778185,46081.0,46081.0,46081.0,False
778186,14332.0,14332.0,14332.0,False
778177,31023.0,31023.0,31023.0,False
778178,10283.0,10283.0,10283.0,False
778171,40080.0,40080.0,40080.0,False
778175,29753.0,29753.0,29753.0,False
778176,53655.0,53655.0,53655.0,False
778181,21743.0,21743.0,21743.0,False
778159,40153.0,40153.0,40153.0,False
778169,24316.0,24316.0,17367.0,True
778168,28509.0,28509.0,21422.0,True
778180,21422.0,28509.0,21422.0,True
778166,23905.0,23905.0,23905.0,False
778164,35316.0,35316.0,35316.0,False
778161,34030.0,34030.0,34030.0,False
778179,17367.0,24316.0,17367.0,True
778174,40068.0,40068.0,40068.0,False
778165,8832.0,8832.0,8832.0,False
778167,25378.0,25378.0,25378.0,False
778162,43043.0,43043.0,43043.0,False
778160,44768.0,44768.0,44768.0,False
778163,54012.0,54012.0,54012.0,False
778154,35362.0,35362.0,35362.0,False
778173,33867.0,33867.0,33867.0,False
778150,32403.0,32403.0,32403.0,False
778153,30763.0,30763.0,30763.0,False
778156,43824.0,43824.0,43824.0,True
778170,43824.0,43824.0,43824.0,True
778157,24621.0,24621.0,24621.0,False
778155,28613.0,28613.0,28613.0,False
778144,18615.0,18615.0,18615.0,False
778148,28408.0,28408.0,28408.0,False
778145,49512.0,49512.0,49512.0,False
778149,9127.0,9127.0,9127.0,False
778146,42221.0,42221.0,42221.0,False
778147,33544.0,33544.0,33544.0,False
778136,30361.0,30361.0,30361.0,False
778158,35761.0,35761.0,35761.0,False
778151,40118.0,40118.0,40118.0,False
778152,21171.0,21171.0,21171.0,False
778138,14011.0,14011.0,14011.0,False
778139,15018.0,15018.0,15018.0,False
778140,22775.0,22775.0,22775.0,False
778142,26395.0,26395.0,26395.0,False
778143,19818.0,19818.0,19818.0,False
778137,18852.0,18852.0,18852.0,False
778132,48232.0,48232.0,48232.0,False
778141,15147.0,15147.0,15147.0,False
778125,14904.0,14904.0,14904.0,False
778129,14312.0,14312.0,14312.0,False
778133,22164.0,22164.0,22164.0,False
778135,9434.0,9434.0,9434.0,False
778127,28045.0,28045.0,28045.0,False
778130,35218.0,35218.0,35218.0,False
778128,10046.0,10046.0,10046.0,False
778122,24452.0,24452.0,24452.0,False
778124,28904.0,28904.0,28904.0,False
778120,19010.0,19010.0,19010.0,False
778121,18247.0,18247.0,18247.0,False
778126,47345.0,47345.0,47345.0,False
778123,46502.0,46502.0,46502.0,False
778131,38387.0,38387.0,38387.0,False
778109,47192.0,47192.0,47192.0,False
778116,15523.0,15523.0,15523.0,False
778134,15709.0,15709.0,13550.0,True
778119,13550.0,15709.0,13550.0,True
778110,27568.0,27568.0,27568.0,False
778102,29661.0,29661.0,29661.0,False
778104,16229.0,16229.0,16229.0,False
778117,31904.0,31904.0,31904.0,False
778112,11297.0,11297.0,11297.0,False
778115,22381.0,22381.0,22381.0,False
778118,37713.0,37713.0,37713.0,False
778113,10046.0,10046.0,10046.0,False
778114,26498.0,26498.0,26498.0,False
778111,10253.0,10253.0,10253.0,False
778106,19803.0,19803.0,19803.0,False
778105,37698.0,37698.0,37698.0,False
778100,13633.0,13633.0,13633.0,False
778097,8794.0,8794.0,8794.0,False
778107,15513.0,15513.0,15513.0,False
778103,36239.0,36239.0,36239.0,False
778108,15968.0,15968.0,15968.0,False
778101,28486.0,28486.0,28486.0,False
778096,30808.0,30808.0,30808.0,False
778099,37069.0,37069.0,37069.0,False
778095,24198.0,24198.0,24198.0,False
778098,27198.0,27198.0,27198.0,False
778094,11917.0,11917.0,11917.0,False
778091,8864.0,8864.0,8864.0,False
778087,19509.0,19509.0,19509.0,False
778090,12349.0,12349.0,12349.0,False
778093,26364.0,26364.0,26364.0,False
778088,45189.0,45189.0,45189.0,False
778081,26087.0,26087.0,26087.0,False
778089,35914.0,35914.0,35914.0,False
778092,41201.0,41201.0,41201.0,False
778079,13866.0,13866.0,13866.0,False
778083,29074.0,29074.0,29074.0,False
778080,34559.0,34559.0,34559.0,False
778084,27966.0,27966.0,27966.0,False
778085,29870.0,29870.0,29870.0,False
778082,35036.0,35036.0,35036.0,False
778086,40133.0,40133.0,40133.0,False
778069,40049.0,40049.0,40049.0,False
778074,44051.0,44051.0,44051.0,False
778066,20874.0,20874.0,20874.0,False
778064,40507.0,40507.0,40507.0,False
778065,17675.0,17675.0,17675.0,False
778073,36250.0,36250.0,36250.0,False
778067,31335.0,31335.0,31335.0,False
778078,42650.0,42650.0,42650.0,False
778077,26224.0,26224.0,26224.0,False
778071,37335.0,37335.0,37335.0,False
778072,19348.0,19348.0,19348.0,False
778076,42159.0,42159.0,42159.0,False
778070,26726.0,26726.0,26726.0,False
778075,13543.0,13543.0,13543.0,False
778063,33539.0,33539.0,33539.0,False
778061,17690.0,17690.0,17690.0,False
778068,30313.0,37735.0,30313.0,True
778062,31956.0,31956.0,31956.0,False
778053,37735.0,37735.0,30313.0,True
778051,17184.0,17184.0,17184.0,False
778057,43349.0,43349.0,43349.0,False
778050,37554.0,37554.0,37554.0,False
778056,30641.0,30641.0,30641.0,False
778059,44010.0,44010.0,44010.0,False
778055,19418.0,19418.0,19418.0,False
778054,37360.0,37360.0,37360.0,False
778052,27812.0,27812.0,27812.0,False
778048,41087.0,41087.0,41087.0,False
778058,23494.0,23494.0,23494.0,False
778060,39649.0,39649.0,39649.0,False
778043,12529.0,12529.0,12529.0,False
778047,15395.0,15395.0,15395.0,False
778045,38128.0,38128.0,38128.0,False
778049,30175.0,30175.0,30175.0,False
778044,36834.0,36834.0,36834.0,False
778042,20306.0,20306.0,20306.0,False
778039,22674.0,22674.0,22674.0,False
778038,10257.0,10257.0,10257.0,False
778036,22369.0,22369.0,22369.0,False
778035,17312.0,17312.0,17312.0,False
778037,29858.0,29858.0,29858.0,False
778025,25867.0,25867.0,25867.0,False
778028,19779.0,19779.0,19779.0,False
778040,10046.0,10046.0,10046.0,False
778026,21948.0,21948.0,21948.0,True
778041,38090.0,38090.0,38090.0,False
778031,21075.0,21075.0,21075.0,False
778027,37303.0,37303.0,37303.0,False
778046,21948.0,21948.0,21948.0,True
778033,15968.0,15968.0,15968.0,False
778030,25307.0,25307.0,25307.0,False
778032,24353.0,24353.0,24353.0,False
778024,9615.0,9615.0,9615.0,False
778034,32835.0,32835.0,32835.0,False
778020,31889.0,31889.0,31889.0,False
778022,19896.0,19896.0,19896.0,False
778010,9697.0,9697.0,9697.0,False
778015,26922.0,26922.0,26922.0,False
778018,31437.0,31437.0,31437.0,False
778016,27453.0,27453.0,27453.0,False
778014,25729.0,25729.0,25729.0,False
778009,26646.0,26646.0,26646.0,False
778012,12328.0,12328.0,12328.0,False
778021,10046.0,10046.0,10046.0,False
778019,42302.0,42302.0,42302.0,False
778023,32761.0,32761.0,32761.0,False
778011,16417.0,16417.0,16417.0,False
778013,18855.0,18855.0,18855.0,False
778017,13635.0,13635.0,13635.0,False
778004,23030.0,23030.0,23030.0,True
778007,17410.0,17410.0,17410.0,False
778006,27800.0,27800.0,27800.0,False
778008,25386.0,25386.0,25386.0,False
778005,10046.0,10046.0,10046.0,False
778003,33794.0,33794.0,33794.0,False
778000,26245.0,26245.0,26245.0,False
777999,40319.0,40319.0,40319.0,False
778029,23030.0,23030.0,23030.0,True
777997,25328.0,25328.0,25328.0,False
777991,18992.0,18992.0,18992.0,False
777996,28407.0,28407.0,28407.0,False
777998,19357.0,19357.0,19357.0,False
778002,10046.0,10046.0,10046.0,False
778001,41243.0,41243.0,41243.0,False
777990,30348.0,30348.0,30348.0,False
777988,49122.0,49122.0,49122.0,False
777989,36857.0,36857.0,36857.0,False
777993,30490.0,30490.0,30490.0,False
777986,30778.0,30778.0,30778.0,False
777992,21744.0,21744.0,21744.0,False
777984,31564.0,31564.0,31564.0,False
777994,12049.0,12049.0,12049.0,False
777995,27849.0,27849.0,27849.0,False
777987,40844.0,40844.0,40844.0,False
777979,32335.0,32335.0,32335.0,False
777980,37796.0,37796.0,37796.0,False
777985,27767.0,27767.0,27767.0,False
777972,12113.0,12113.0,12113.0,False
777981,10046.0,10046.0,10046.0,False
777983,34782.0,34782.0,34782.0,False
777976,38423.0,38423.0,38423.0,False
777978,24264.0,24264.0,24264.0,False
777982,41423.0,41423.0,41423.0,False
777974,23812.0,23812.0,23812.0,False
777975,47106.0,47106.0,47106.0,False
777973,27975.0,27975.0,27975.0,False
777970,31182.0,31182.0,31182.0,False
777977,29460.0,29460.0,29460.0,False
777964,10046.0,10046.0,10046.0,False
777969,36138.0,36138.0,36138.0,False
777967,17845.0,17845.0,17845.0,False
777954,46292.0,46292.0,46292.0,False
777962,20585.0,20585.0,20585.0,False
777968,41673.0,41673.0,41673.0,False
777965,25785.0,25785.0,25785.0,False
777963,37794.0,37794.0,37794.0,False
777956,23551.0,23551.0,23551.0,False
777955,34422.0,34422.0,34422.0,False
777957,12224.0,12224.0,12224.0,False
777961,29460.0,29460.0,29460.0,False
777966,16805.0,16805.0,16805.0,False
777971,20304.0,20304.0,20304.0,False
777958,36823.0,36823.0,36823.0,False
777952,32271.0,32271.0,32271.0,False
777960,17359.0,17359.0,17359.0,False
777953,42513.0,42513.0,42513.0,False
777951,20136.0,20136.0,20136.0,False
777950,35580.0,35580.0,35580.0,False
777948,26386.0,26386.0,26386.0,False
777947,41419.0,41419.0,41419.0,False
777959,32696.0,32696.0,32696.0,False
777939,27387.0,27387.0,27387.0,False
777941,27895.0,27895.0,27895.0,False
777949,23123.0,23123.0,23123.0,False
777932,43957.0,43957.0,43957.0,False
777934,19924.0,19924.0,19924.0,False
777944,16153.0,16153.0,16153.0,False
777945,18997.0,18997.0,18997.0,False
777935,27717.0,27717.0,27717.0,False
777943,35926.0,35926.0,35926.0,False
777940,20115.0,20115.0,20115.0,False
777942,32725.0,32725.0,32725.0,False
777931,27114.0,27114.0,27114.0,False
777926,30840.0,30840.0,30840.0,False
777930,30960.0,30960.0,30960.0,False
777937,45161.0,45161.0,45161.0,False
777936,38083.0,38083.0,38083.0,False
777915,30520.0,30520.0,30520.0,False
777924,10169.0,10169.0,10169.0,True
777938,10169.0,10169.0,10169.0,True
777922,40773.0,40773.0,35150.0,True
777933,35150.0,40773.0,35150.0,True
777925,25063.0,25063.0,25063.0,False
777916,30078.0,30078.0,30078.0,False
777927,21013.0,21013.0,21013.0,False
777923,22314.0,22314.0,22314.0,False
777919,34473.0,34473.0,34473.0,False
777929,37134.0,37134.0,37134.0,False
777921,34167.0,34167.0,34167.0,False
777918,18679.0,18679.0,18679.0,False
777920,24641.0,24641.0,24641.0,False
777914,43766.0,43766.0,43766.0,False
777917,50071.0,50071.0,50071.0,False
777928,43585.0,43585.0,43585.0,False
777909,34074.0,34074.0,34074.0,False
777911,30926.0,30926.0,30926.0,False
777912,19513.0,19513.0,19513.0,False
777913,22856.0,22856.0,22856.0,False
777910,28108.0,28108.0,28108.0,False
777946,51272.0,51272.0,51272.0,False
777903,11714.0,11714.0,11714.0,False
777900,40171.0,40171.0,40171.0,False
777902,26131.0,26131.0,26131.0,False
777905,44039.0,44039.0,44039.0,False
777907,21171.0,21171.0,21171.0,False
777906,23146.0,23146.0,23146.0,False
777908,34648.0,34648.0,34648.0,False
777891,41112.0,41112.0,41112.0,False
777901,28104.0,28104.0,28104.0,False
777895,33035.0,33035.0,33035.0,False
777898,33070.0,33070.0,33070.0,False
777897,35204.0,35204.0,35204.0,False
777896,41336.0,41336.0,41336.0,False
777899,46273.0,46273.0,46273.0,False
777904,47700.0,47700.0,47700.0,False
777882,38465.0,38465.0,38465.0,False
777881,40134.0,40134.0,40134.0,False
777886,40171.0,40171.0,40171.0,False
777890,28208.0,28208.0,28208.0,False
777888,47510.0,47510.0,47510.0,False
777889,12052.0,12052.0,12052.0,False
777894,44164.0,44164.0,44164.0,False
777892,38586.0,38586.0,38586.0,False
777885,36134.0,36134.0,36134.0,False
777883,40267.0,40267.0,40267.0,False
777875,42240.0,42240.0,42240.0,False
777879,40448.0,40448.0,40448.0,False
777884,50084.0,50084.0,50084.0,False
777893,34594.0,34594.0,34594.0,False
777887,35129.0,35129.0,35129.0,False
777876,35012.0,35012.0,35012.0,False
777864,25695.0,25695.0,25695.0,False
777869,34433.0,34433.0,34433.0,False
777873,37264.0,37264.0,37264.0,False
777880,44356.0,44356.0,44356.0,False
777874,27628.0,27628.0,27628.0,False
777871,36064.0,36064.0,36064.0,False
777868,43320.0,43320.0,43320.0,False
777878,48028.0,48028.0,48028.0,False
777865,30018.0,30018.0,30018.0,False
777872,40152.0,40152.0,40152.0,False
777867,40051.0,40051.0,40051.0,False
777870,28888.0,28888.0,28888.0,False
777866,51997.0,51997.0,51997.0,False
777877,10529.0,10529.0,10529.0,False
777857,10380.0,10380.0,10380.0,False
777859,10842.0,10842.0,10842.0,False
777863,9935.0,9935.0,9935.0,False
777856,33548.0,33548.0,33548.0,False
777858,10046.0,10046.0,10046.0,False
777860,22319.0,22319.0,22319.0,False
777862,24817.0,24817.0,24817.0,False
777852,23487.0,23487.0,23487.0,False
777855,28432.0,28432.0,28432.0,False
777853,10519.0,10519.0,10519.0,False
777854,41372.0,41372.0,41372.0,False
777846,11983.0,11983.0,11983.0,False
777847,10071.0,10071.0,10071.0,False
777850,9567.0,9567.0,9567.0,False
777851,33208.0,33208.0,33208.0,False
777841,26517.0,26517.0,26517.0,False
777848,10046.0,10046.0,10046.0,False
777843,10028.0,10028.0,10028.0,False
777845,23597.0,23597.0,23597.0,False
777844,22778.0,22778.0,22778.0,False
777840,31766.0,31766.0,31766.0,False
777842,24431.0,24431.0,24431.0,False
777836,32118.0,32118.0,32118.0,False
777838,51932.0,51932.0,51932.0,False
777849,40343.0,40343.0,40343.0,False
777819,29064.0,29064.0,29064.0,False
777834,17308.0,17308.0,17308.0,False
777832,8596.0,8596.0,8596.0,False
777861,26142.0,26142.0,26142.0,True
777833,7482.0,7482.0,7482.0,False
777826,30554.0,30554.0,30554.0,False
777827,28990.0,28990.0,28990.0,False
777828,10094.0,10094.0,10094.0,False
777829,26142.0,26142.0,26142.0,True
777831,31661.0,31661.0,31661.0,False
777835,40359.0,40359.0,40359.0,False
777837,23266.0,23266.0,23266.0,False
777823,23421.0,23421.0,23421.0,False
777824,43517.0,43517.0,43517.0,False
777830,10556.0,10556.0,10556.0,False
777812,10321.0,10321.0,10321.0,False
777818,43450.0,43450.0,43450.0,False
777816,33971.0,33971.0,33971.0,False
777817,23308.0,23308.0,23308.0,False
777821,21937.0,21937.0,21937.0,False
777814,10114.0,10114.0,10114.0,False
777820,16907.0,16907.0,16907.0,False
777822,29512.0,29512.0,29512.0,False
777805,17885.0,17885.0,17885.0,False
777811,30120.0,30120.0,30120.0,False
777815,31150.0,31150.0,31150.0,True
777801,19195.0,19195.0,19195.0,False
777810,10046.0,10046.0,10046.0,False
777807,26701.0,26701.0,26701.0,False
777808,40449.0,40449.0,40449.0,False
777797,34214.0,34214.0,34214.0,False
777806,24646.0,24646.0,24646.0,False
777800,34664.0,34664.0,34664.0,False
777802,47211.0,47211.0,47211.0,False
777798,28116.0,28116.0,28116.0,False
777804,10052.0,10052.0,10052.0,False
777799,22391.0,22391.0,22391.0,False
777813,40327.0,40327.0,40327.0,False
777803,41338.0,41338.0,41338.0,False
777809,30958.0,34604.0,30958.0,True
777793,36873.0,36873.0,36873.0,False
777790,34604.0,34604.0,30958.0,True
777788,30720.0,30720.0,30720.0,False
777786,37380.0,37380.0,37380.0,False
777794,24651.0,24651.0,24651.0,False
777789,41332.0,41332.0,41332.0,False
777787,35785.0,35785.0,35785.0,False
777792,19240.0,19240.0,19240.0,False
777782,43186.0,43186.0,43186.0,False
777795,10046.0,10046.0,10046.0,False
777796,37256.0,37256.0,37256.0,False
777784,10090.0,10090.0,10090.0,False
777781,29301.0,29301.0,29301.0,False
777791,40409.0,40409.0,40409.0,False
777772,32501.0,32501.0,32501.0,False
777785,36824.0,36824.0,36824.0,False
777778,31581.0,31581.0,31581.0,False
777776,18920.0,18920.0,18920.0,False
777779,32822.0,32822.0,32822.0,False
777775,10046.0,10046.0,10046.0,False
777780,37031.0,37031.0,37031.0,False
777783,41251.0,41251.0,41251.0,False
777777,20908.0,20908.0,20908.0,False
777768,38379.0,38379.0,38379.0,False
777765,10068.0,10068.0,10068.0,False
777767,37074.0,37074.0,37074.0,False
777766,36437.0,36437.0,36437.0,False
777773,41917.0,41917.0,41917.0,False
777774,35526.0,35526.0,35526.0,False
777770,31640.0,31640.0,31640.0,False
777764,40181.0,40181.0,40181.0,False
777757,40171.0,40171.0,40171.0,False
777771,21717.0,21717.0,21717.0,False
777759,33766.0,33766.0,33766.0,False
777760,18002.0,18002.0,18002.0,False
777769,34711.0,34711.0,34711.0,False
777762,8759.0,8759.0,8759.0,False
777761,25697.0,25697.0,25697.0,False
777756,40872.0,40872.0,40872.0,False
777763,43626.0,43626.0,43626.0,False
777758,39938.0,39938.0,39938.0,False
777749,34944.0,34944.0,34944.0,False
777747,26489.0,26489.0,26489.0,False
777753,25422.0,25422.0,25422.0,False
777755,21092.0,21092.0,21092.0,False
777748,40627.0,40627.0,40627.0,False
777746,10046.0,10046.0,10046.0,False
777750,17383.0,17383.0,17383.0,False
777745,34491.0,34491.0,34491.0,False
777751,33099.0,33099.0,33099.0,False
777741,25818.0,25818.0,25818.0,False
777752,36123.0,36123.0,36123.0,False
777742,40363.0,40363.0,40363.0,False
777744,20739.0,20739.0,20739.0,False
777743,19861.0,19861.0,19861.0,False
777754,13779.0,13779.0,13779.0,False
777732,8372.0,8372.0,8372.0,False
777736,24603.0,24603.0,24603.0,False
777737,34021.0,34021.0,34021.0,False
777738,31602.0,31602.0,31602.0,False
777739,23381.0,23381.0,23381.0,False
777734,25122.0,25122.0,25122.0,False
777726,33885.0,33885.0,33885.0,False
777740,14491.0,14491.0,14491.0,False
777733,15430.0,15430.0,15430.0,False
777731,33748.0,33748.0,33748.0,False
777724,20811.0,20811.0,20811.0,False
777728,36808.0,36808.0,36808.0,False
777730,19475.0,19475.0,19475.0,False
777729,25202.0,25202.0,25202.0,False
777722,19599.0,19599.0,19599.0,False
777725,29661.0,29661.0,29661.0,False
777723,42739.0,42739.0,32314.0,True
777735,32314.0,42739.0,32314.0,True
777727,23853.0,23853.0,23853.0,False
777718,41270.0,41270.0,41270.0,False
777717,10361.0,10361.0,10361.0,False
777716,36951.0,36951.0,36951.0,False
777712,36019.0,36019.0,36019.0,False
777720,22108.0,22108.0,22108.0,False
777715,41546.0,41546.0,41546.0,False
777721,31407.0,31407.0,31407.0,False
777707,42579.0,42579.0,42579.0,False
777709,28679.0,28679.0,28679.0,False
777711,28785.0,28785.0,28785.0,False
777714,32115.0,32115.0,32115.0,False
777710,29435.0,29435.0,29435.0,False
777713,39614.0,39614.0,39614.0,False
777708,53276.0,53276.0,53276.0,False
777719,39842.0,39842.0,39842.0,False
777700,41681.0,41681.0,41681.0,False
777704,39144.0,39144.0,39144.0,False
777701,38017.0,38017.0,38017.0,False
777697,29062.0,29062.0,29062.0,False
777699,23470.0,23470.0,23470.0,False
777702,43773.0,43773.0,43773.0,False
777703,28184.0,28184.0,28184.0,False
777694,35005.0,35005.0,35005.0,False
777693,33033.0,33033.0,33033.0,False
777705,12387.0,12387.0,12387.0,False
777695,37457.0,37457.0,37457.0,False
777698,51746.0,51746.0,51746.0,False
777691,42471.0,42471.0,42471.0,False
777696,29434.0,29434.0,29434.0,False
777706,41444.0,41444.0,41444.0,False
777689,13422.0,13422.0,13422.0,False
777678,28138.0,28138.0,28138.0,False
777692,38279.0,38279.0,38279.0,False
777684,33037.0,33037.0,33037.0,False
777685,30130.0,30130.0,30130.0,False
777683,26518.0,26518.0,26518.0,False
777688,44076.0,44076.0,44076.0,False
777687,40179.0,40179.0,40179.0,False
777677,24474.0,24474.0,24474.0,False
777690,33938.0,33938.0,33938.0,False
777679,29664.0,29664.0,29664.0,False
777680,39003.0,39003.0,39003.0,False
777681,42069.0,42069.0,42069.0,False
777682,54031.0,54031.0,54031.0,False
777686,43224.0,43224.0,43224.0,False
777671,18711.0,18711.0,18711.0,False
777673,5894.0,5894.0,5894.0,False
777670,31688.0,31688.0,31688.0,False
777674,11852.0,11852.0,11852.0,False
777676,35680.0,35680.0,35680.0,False
777669,8922.0,8922.0,8922.0,False
777675,48556.0,48556.0,48556.0,False
777665,32632.0,32632.0,32632.0,False
777664,40683.0,40683.0,40683.0,False
777659,27702.0,27702.0,27702.0,False
777655,21089.0,21089.0,21089.0,False
777666,7583.0,7583.0,7583.0,False
777663,15891.0,15891.0,15891.0,False
777668,25749.0,25749.0,25749.0,False
777660,26656.0,26656.0,26656.0,False
777658,8487.0,8487.0,8487.0,False
777672,32898.0,32898.0,32898.0,False
777661,12308.0,12308.0,12308.0,False
777662,9131.0,9131.0,9131.0,False
777656,35522.0,35522.0,35522.0,False
777657,53424.0,53424.0,53424.0,False
777667,33003.0,33003.0,33003.0,False
777654,37082.0,37082.0,37082.0,False
777652,6261.0,6261.0,6261.0,False
777647,21775.0,21775.0,21775.0,False
777648,12359.0,12359.0,12359.0,False
777653,36759.0,36759.0,36759.0,False
777649,33073.0,33073.0,33073.0,False
777639,12381.0,12381.0,12381.0,False
777651,25716.0,25716.0,25716.0,False
777638,45733.0,45733.0,45733.0,False
777643,9211.0,9211.0,9211.0,False
777650,21965.0,21965.0,21965.0,False
777641,34821.0,34821.0,34821.0,False
777645,19231.0,19231.0,19231.0,False
777646,8994.0,8994.0,8994.0,False
777628,27887.0,27887.0,27887.0,False
777640,33902.0,33902.0,33902.0,False
777635,31038.0,31038.0,21657.0,True
777634,11630.0,11630.0,11630.0,False
777636,8877.0,8877.0,8877.0,False
777637,33728.0,33728.0,33728.0,False
777633,37436.0,37436.0,37436.0,False
777630,13775.0,13775.0,13775.0,False
777632,30402.0,30402.0,30402.0,False
777644,41665.0,41665.0,41665.0,False
777629,10046.0,10046.0,10046.0,False
777631,46364.0,46364.0,46364.0,False
777642,21657.0,31038.0,21657.0,True
777625,8448.0,8448.0,8448.0,False
777618,36916.0,36916.0,36916.0,False
777621,23243.0,23243.0,23243.0,False
777624,27160.0,27160.0,27160.0,False
777627,46783.0,46783.0,46783.0,False
777626,40132.0,40132.0,40132.0,False
777614,34915.0,34915.0,34915.0,False
777620,40071.0,40071.0,40071.0,False
777615,26847.0,26847.0,26847.0,False
777616,34890.0,34890.0,34890.0,False
777613,8424.0,8424.0,8424.0,False
777619,39153.0,39153.0,39153.0,False
777617,32298.0,32298.0,32298.0,False
777622,31819.0,31819.0,31819.0,False
777610,22670.0,22670.0,22670.0,False
777612,27951.0,27951.0,27951.0,True
777609,41034.0,41034.0,41034.0,False
777623,27951.0,27951.0,27951.0,True
777600,23476.0,23476.0,23476.0,False
777601,37465.0,37465.0,37465.0,False
777598,35162.0,35162.0,35162.0,False
777607,32951.0,32951.0,32951.0,False
777599,9185.0,9185.0,9185.0,False
777608,31717.0,31717.0,31717.0,False
777606,19099.0,19099.0,19099.0,False
777611,10046.0,10046.0,10046.0,False
777605,47020.0,47020.0,47020.0,False
777597,37032.0,37032.0,37032.0,False
777603,29407.0,29407.0,29407.0,False
777604,38279.0,38279.0,38279.0,False
777588,8836.0,8836.0,8836.0,False
777585,22078.0,22078.0,22078.0,False
777586,26265.0,26265.0,26265.0,False
777596,24897.0,24897.0,24897.0,False
777602,21083.0,21083.0,21083.0,False
777594,40343.0,40343.0,40343.0,False
777592,9014.0,9014.0,9014.0,False
777590,22137.0,22137.0,22137.0,False
777591,23876.0,23876.0,23876.0,False
777593,45140.0,45140.0,45140.0,False
777589,31416.0,31416.0,31416.0,False
777595,25261.0,25261.0,25261.0,False
777583,40548.0,40548.0,40548.0,False
777582,42255.0,42255.0,42255.0,False
777587,41026.0,41026.0,41026.0,False
777581,30851.0,30851.0,30851.0,False
777577,22799.0,22799.0,22799.0,False
777576,24884.0,24884.0,24884.0,False
777575,25145.0,25145.0,25145.0,False
777578,41226.0,41226.0,41226.0,False
777574,9283.0,9283.0,9283.0,False
777580,23436.0,23436.0,23436.0,False
777584,31422.0,31422.0,31422.0,False
777579,45678.0,45678.0,45678.0,False
777566,14465.0,14465.0,14465.0,False
777571,41220.0,41220.0,41220.0,False
777570,38472.0,38472.0,38472.0,False
777573,20291.0,20291.0,20291.0,False
777572,30017.0,30017.0,30017.0,False
777569,26753.0,26753.0,26753.0,False
777565,31917.0,31917.0,31917.0,False
777564,27480.0,27480.0,27480.0,False
777558,29278.0,29278.0,29278.0,False
777557,24765.0,24765.0,24765.0,False
777560,45084.0,45084.0,45084.0,False
777559,25140.0,25140.0,25140.0,False
777567,28950.0,28950.0,28950.0,False
777563,24553.0,24553.0,24553.0,False
777568,30028.0,30028.0,30028.0,False
777552,16709.0,16709.0,16709.0,False
777553,42660.0,42660.0,42660.0,False
777549,28564.0,28564.0,28564.0,False
777554,30809.0,30809.0,30809.0,False
777545,28530.0,28530.0,28530.0,False
777548,25969.0,25969.0,25969.0,False
777543,45481.0,45481.0,45481.0,False
777550,28519.0,28519.0,28519.0,False
777562,18630.0,18630.0,18630.0,False
777561,36003.0,36003.0,36003.0,False
777556,18904.0,18904.0,18904.0,False
777551,21182.0,21182.0,21182.0,False
777547,23532.0,23532.0,23532.0,False
777555,40681.0,40681.0,40681.0,False
777542,21741.0,21741.0,21741.0,False
777544,39779.0,39779.0,39779.0,False
777533,23995.0,23995.0,23995.0,False
777534,28168.0,28168.0,28168.0,False
777540,18800.0,18800.0,18800.0,False
777532,27687.0,27687.0,27687.0,False
777541,40174.0,40174.0,40174.0,False
777546,28003.0,28003.0,28003.0,False
777536,23412.0,23412.0,23412.0,False
777526,39457.0,39457.0,39457.0,False
777528,41622.0,41622.0,41622.0,False
777531,40596.0,40596.0,40596.0,False
777535,39303.0,39303.0,39303.0,False
777530,31098.0,31098.0,31098.0,False
777538,40413.0,40413.0,40413.0,False
777537,36622.0,36622.0,36622.0,False
777525,30026.0,30026.0,30026.0,False
777524,31934.0,31934.0,31934.0,False
777539,20204.0,20204.0,20204.0,False
777522,53022.0,53022.0,53022.0,False
777520,34378.0,34378.0,34378.0,False
777527,38402.0,38402.0,38402.0,False
777529,29586.0,29586.0,29586.0,False
777521,33052.0,33052.0,33052.0,False
777518,41662.0,41662.0,41662.0,False
777514,21129.0,21129.0,21129.0,False
777517,38199.0,38199.0,38199.0,False
777513,39554.0,39554.0,39554.0,False
777519,26313.0,26313.0,26313.0,False
777509,43711.0,43711.0,43711.0,False
777508,38122.0,38122.0,38122.0,False
777511,29034.0,29034.0,29034.0,False
777512,39017.0,39017.0,39017.0,False
777515,37561.0,37561.0,37561.0,False
777516,36414.0,36414.0,36414.0,False
777523,38515.0,38515.0,38515.0,False
777506,51548.0,51548.0,51548.0,False
777507,32211.0,32211.0,32211.0,False
777510,36315.0,36315.0,36315.0,False
777503,28293.0,28293.0,28293.0,False
777504,39405.0,39405.0,39405.0,False
777505,40418.0,40418.0,40418.0,False
777496,27272.0,27272.0,27272.0,False
777499,44681.0,44681.0,44681.0,False
777502,42804.0,42804.0,42804.0,False
777500,36475.0,36475.0,36475.0,False
777494,39757.0,39757.0,39757.0,False
777497,40162.0,40162.0,40162.0,False
777493,38037.0,38037.0,38037.0,False
777491,42676.0,42676.0,42676.0,False
777495,40871.0,40871.0,40871.0,False
777492,40629.0,40629.0,40629.0,False
777498,53980.0,53980.0,53980.0,False
777501,33370.0,33370.0,33370.0,False
777484,10046.0,10046.0,10046.0,False
777483,9898.0,9898.0,9898.0,False
777488,11370.0,11370.0,11370.0,False
777487,37398.0,37398.0,37398.0,False
777486,24490.0,24490.0,24490.0,False
777485,8766.0,8766.0,8766.0,False
777490,53207.0,53207.0,53207.0,False
777477,10046.0,10046.0,10046.0,False
777481,8300.0,8300.0,8300.0,False
777475,27449.0,27449.0,27449.0,False
777480,17232.0,17232.0,17232.0,False
777476,35278.0,35278.0,35278.0,False
777478,26153.0,26153.0,26153.0,False
777489,36791.0,36791.0,36791.0,False
777472,36222.0,36222.0,36222.0,False
777467,16974.0,16974.0,16974.0,False
777482,38687.0,38687.0,38687.0,False
777473,26974.0,26974.0,26974.0,False
777469,8315.0,8315.0,8315.0,False
777471,51555.0,51555.0,51555.0,False
777468,34408.0,34408.0,34408.0,False
777479,38537.0,38537.0,38537.0,False
777453,32200.0,32200.0,32200.0,False
777463,10046.0,10046.0,10046.0,False
777461,20366.0,20366.0,20366.0,False
777466,43255.0,43255.0,43255.0,False
777474,25911.0,25911.0,25911.0,False
777465,9570.0,9570.0,9570.0,False
777462,27635.0,27635.0,27635.0,False
777460,26520.0,26520.0,26520.0,False
777456,8803.0,8803.0,8803.0,False
777454,34055.0,34055.0,34055.0,False
777457,53568.0,53568.0,53568.0,False
777470,39926.0,39926.0,39926.0,False
777450,41078.0,41078.0,41078.0,False
777452,27306.0,27306.0,27306.0,False
777445,21850.0,21850.0,21850.0,False
777449,45671.0,45671.0,45671.0,False
777451,33368.0,33368.0,28540.0,True
777464,28540.0,33368.0,28540.0,True
777458,20816.0,20816.0,20816.0,True
777447,20816.0,20816.0,20816.0,True
777448,33978.0,33978.0,33978.0,False
777440,40093.0,40093.0,40093.0,False
777444,10411.0,10411.0,10411.0,False
777455,39234.0,39234.0,39234.0,False
777446,10046.0,10046.0,10046.0,False
777441,8670.0,8670.0,8670.0,False
777442,53280.0,53280.0,53280.0,False
777443,37308.0,37308.0,37308.0,False
777435,36121.0,36121.0,36121.0,False
777437,44432.0,44432.0,44432.0,False
777436,40787.0,40787.0,40787.0,False
777432,31327.0,31327.0,31327.0,False
777431,10046.0,10046.0,10046.0,False
777438,47034.0,47034.0,47034.0,False
777439,12146.0,12146.0,12146.0,False
777430,31851.0,31851.0,31851.0,False
777425,40169.0,40169.0,40169.0,False
777434,28011.0,28011.0,28011.0,False
777428,29580.0,29580.0,29580.0,False
777426,43574.0,43574.0,43574.0,False
777429,8578.0,8578.0,8578.0,False
777427,46558.0,46558.0,46558.0,False
777433,35334.0,35334.0,35334.0,False
777421,23819.0,23819.0,23819.0,False
777422,46142.0,46142.0,46142.0,False
777420,10046.0,10046.0,10046.0,False
777412,28321.0,28321.0,28321.0,False
777419,39047.0,39047.0,39047.0,False
777415,27283.0,27283.0,27283.0,False
777418,41488.0,41488.0,41488.0,False
777413,43241.0,43241.0,43241.0,False
777411,8383.0,8383.0,8383.0,False
777424,21198.0,21198.0,21198.0,False
777423,44687.0,44687.0,44687.0,False
777410,34076.0,34076.0,34076.0,False
777414,32326.0,32326.0,32326.0,False
777416,54154.0,54154.0,54154.0,False
777417,39027.0,39027.0,39027.0,False
777403,36185.0,36185.0,36185.0,False
777406,45571.0,45571.0,45571.0,False
777404,20341.0,20341.0,20341.0,False
777408,38893.0,38893.0,38893.0,False
777402,16486.0,16486.0,16486.0,False
777401,21143.0,21143.0,21143.0,False
777409,10046.0,10046.0,10046.0,False
777399,28565.0,28565.0,28565.0,False
777400,10215.0,10215.0,10215.0,False
777395,40350.0,40350.0,40350.0,False
777397,29154.0,29154.0,29154.0,False
777405,42155.0,42155.0,42155.0,False
777398,48177.0,48177.0,48177.0,False
777396,43567.0,43567.0,43567.0,False
777407,27477.0,27477.0,27477.0,False
777393,12579.0,12579.0,12579.0,False
777394,13929.0,13929.0,13929.0,False
777389,38593.0,38593.0,38593.0,False
777388,17909.0,17909.0,17909.0,False
777390,31418.0,31418.0,31418.0,False
777392,27058.0,27058.0,27058.0,False
777381,30137.0,30137.0,30137.0,False
777382,44074.0,44074.0,44074.0,False
777391,26791.0,26791.0,26791.0,False
777383,13001.0,13001.0,13001.0,False
777380,16909.0,16909.0,16909.0,False
777386,22929.0,22929.0,22929.0,False
777384,22525.0,22525.0,22525.0,False
777387,38130.0,38130.0,38130.0,False
777385,39257.0,39257.0,39257.0,False
777378,22951.0,22951.0,22951.0,False
777374,31772.0,31772.0,31772.0,False
777373,29545.0,29545.0,29545.0,False
777377,31245.0,31245.0,31245.0,False
777379,36492.0,36492.0,36492.0,False
777376,33115.0,33115.0,33115.0,False
777372,41229.0,41229.0,41229.0,False
777364,28643.0,28643.0,28643.0,False
777375,23532.0,23532.0,23532.0,False
777369,38275.0,38275.0,38275.0,False
777361,42774.0,42774.0,42774.0,False
777362,28301.0,28301.0,28301.0,False
777360,40532.0,40532.0,40532.0,False
777371,21872.0,21872.0,21872.0,False
777368,23849.0,23849.0,23849.0,False
777365,22828.0,22828.0,22828.0,False
777367,27620.0,27620.0,27620.0,False
777363,15850.0,15850.0,15850.0,False
777357,30399.0,30399.0,30399.0,False
777366,28826.0,28826.0,28826.0,False
777358,43881.0,43881.0,43881.0,False
777355,31712.0,31712.0,31712.0,False
777359,20649.0,20649.0,20649.0,False
777370,10217.0,10217.0,10217.0,False
777347,33804.0,33804.0,33804.0,False
777344,38091.0,38091.0,38091.0,False
777350,37130.0,37130.0,37130.0,False
777352,42646.0,42646.0,42646.0,False
777356,19666.0,19666.0,19666.0,False
777353,19619.0,19619.0,19619.0,False
777354,26217.0,26217.0,26217.0,False
777351,27676.0,27676.0,27676.0,False
777348,32793.0,32793.0,32793.0,False
777332,26696.0,26696.0,26696.0,False
777331,34289.0,34289.0,34289.0,False
777339,35008.0,35008.0,35008.0,False
777340,30228.0,30228.0,30228.0,False
777335,35187.0,35187.0,35187.0,False
777342,40753.0,40753.0,40753.0,False
777343,20047.0,20047.0,20047.0,False
777337,46192.0,46192.0,46192.0,False
777346,26746.0,26746.0,26746.0,False
777341,29055.0,29055.0,29055.0,False
777345,35719.0,35719.0,35719.0,False
777334,32120.0,32120.0,32120.0,False
777336,39451.0,39451.0,39451.0,False
777338,27549.0,27549.0,27549.0,False
777349,34787.0,34787.0,34787.0,False
777319,36578.0,36578.0,36578.0,False
777329,32484.0,32484.0,32484.0,False
777326,45084.0,45084.0,45084.0,False
777324,33780.0,33780.0,33780.0,False
777325,30649.0,30649.0,30649.0,False
777322,35506.0,35506.0,35506.0,False
777328,31380.0,31380.0,31380.0,False
777318,28446.0,28446.0,28446.0,False
777323,34927.0,34927.0,34927.0,False
777321,32057.0,32057.0,32057.0,False
777320,39218.0,39218.0,39218.0,False
777333,41751.0,41751.0,41751.0,False
777315,39623.0,39623.0,39623.0,False
777327,20090.0,20090.0,20090.0,False
777330,30491.0,30491.0,30491.0,False
777316,35792.0,35792.0,35792.0,False
777309,27935.0,27935.0,27935.0,False
777313,24898.0,24898.0,24898.0,False
777317,19226.0,19226.0,19226.0,False
777310,35214.0,35214.0,35214.0,False
777307,42166.0,42166.0,42166.0,False
777312,23510.0,23510.0,23510.0,False
777304,28671.0,28671.0,28671.0,False
777301,30037.0,30037.0,30037.0,False
777302,31126.0,31126.0,31126.0,False
777305,33661.0,33661.0,33661.0,False
777303,30653.0,30653.0,30653.0,False
777314,40718.0,40718.0,40718.0,False
777308,37319.0,37319.0,37319.0,False
777311,20225.0,20225.0,20225.0,False
777306,43138.0,43138.0,43138.0,False
777299,12387.0,12387.0,12387.0,False
777295,40619.0,40619.0,40619.0,False
777296,10046.0,10046.0,10046.0,False
777292,27420.0,27420.0,27420.0,False
777297,27309.0,27309.0,27309.0,False
777291,18963.0,18963.0,18963.0,False
777300,35691.0,35691.0,35691.0,False
777293,7860.0,7860.0,7860.0,False
777282,30933.0,30933.0,30933.0,False
777283,41129.0,41129.0,41129.0,False
777288,19631.0,19631.0,19631.0,False
777286,10046.0,10046.0,10046.0,False
777281,22351.0,22351.0,22351.0,False
777287,38257.0,38257.0,38257.0,False
777285,30303.0,30303.0,30303.0,False
777278,19455.0,19455.0,19455.0,False
777280,51368.0,51368.0,51368.0,False
777298,31657.0,31657.0,31657.0,False
777290,40742.0,40742.0,40144.0,True
777289,36335.0,41123.0,36335.0,True
777273,40144.0,40742.0,40144.0,True
777276,41123.0,41123.0,36335.0,True
777272,15979.0,15979.0,15979.0,False
777275,7596.0,7596.0,7596.0,False
777284,13994.0,16095.0,13994.0,True
777271,10046.0,10046.0,10046.0,False
777265,16095.0,16095.0,13994.0,True
777277,35845.0,35845.0,35845.0,True
777274,30985.0,30985.0,30985.0,False
777266,35250.0,35250.0,35250.0,False
777268,27636.0,27636.0,27636.0,False
777269,30545.0,30545.0,30545.0,False
777279,31519.0,31519.0,31519.0,False
777262,24752.0,24752.0,24752.0,False
777270,17840.0,17840.0,17840.0,False
777267,53536.0,53536.0,53536.0,False
777294,35845.0,35845.0,35845.0,True
777261,34702.0,34702.0,34702.0,False
777263,9690.0,9690.0,9690.0,False
777264,25151.0,25151.0,25151.0,False
777258,31599.0,31599.0,31599.0,False
777257,42241.0,42241.0,42241.0,False
777259,38450.0,38450.0,38450.0,False
777256,29769.0,29769.0,29769.0,False
777251,38030.0,38030.0,38030.0,False
777253,53530.0,53530.0,53530.0,False
777260,36848.0,36848.0,36848.0,False
777247,24197.0,24197.0,24197.0,False
777242,30119.0,30119.0,30119.0,False
777245,37355.0,37355.0,37355.0,False
777246,40038.0,40038.0,40038.0,False
777250,41216.0,41216.0,41216.0,False
777236,33061.0,33061.0,33061.0,False
777239,45114.0,45114.0,45114.0,False
777244,12322.0,12322.0,12322.0,False
777249,38213.0,38213.0,38213.0,False
777252,40249.0,40249.0,40249.0,False
777243,48064.0,48064.0,48064.0,False
777235,53377.0,53377.0,53377.0,False
777248,35562.0,35562.0,35562.0,False
777254,16715.0,16715.0,16715.0,False
777255,42166.0,42166.0,42166.0,False
777241,41401.0,41401.0,41401.0,False
777230,17679.0,17679.0,17679.0,False
777229,40119.0,40119.0,40119.0,False
777231,37269.0,37269.0,37269.0,False
777228,34319.0,34319.0,34319.0,False
777233,42045.0,42045.0,42045.0,False
777234,26043.0,26043.0,26043.0,False
777238,11378.0,11378.0,11378.0,False
777240,34580.0,34580.0,34580.0,False
777221,49744.0,49744.0,49744.0,False
777232,47351.0,47351.0,47351.0,False
777223,43297.0,43297.0,43297.0,False
777227,12298.0,12298.0,12298.0,False
777225,32295.0,32295.0,32295.0,False
777237,37170.0,37170.0,37170.0,False
777220,21294.0,21294.0,21294.0,False
777222,34012.0,34012.0,34012.0,False
777217,42055.0,42055.0,42055.0,False
777214,40114.0,40114.0,40114.0,False
777226,30953.0,30953.0,30953.0,False
777216,41117.0,41117.0,41117.0,False
777213,26771.0,26771.0,26771.0,False
777207,40711.0,40711.0,40711.0,False
777215,25662.0,25662.0,25662.0,False
777218,22949.0,22949.0,22949.0,False
777206,41291.0,41291.0,41291.0,False
777205,35174.0,35174.0,35174.0,False
777219,40319.0,40319.0,40319.0,False
777210,12180.0,12180.0,12180.0,False
777224,12513.0,12513.0,12513.0,False
777212,13292.0,13292.0,13292.0,False
777211,22657.0,22657.0,22657.0,False
777209,32441.0,32441.0,32441.0,False
777208,17167.0,17167.0,17167.0,False
777201,35365.0,35365.0,35365.0,False
777202,27472.0,27472.0,27472.0,False
777200,24382.0,24382.0,24382.0,False
777203,40045.0,40045.0,40045.0,False
777199,40043.0,40043.0,40043.0,False
777204,18614.0,18614.0,18614.0,False
777194,22855.0,22855.0,22855.0,False
777188,13027.0,13027.0,13027.0,False
777195,25198.0,25198.0,25198.0,False
777187,38641.0,38641.0,38641.0,False
777197,22399.0,22399.0,22399.0,False
777190,30384.0,30384.0,30384.0,False
777196,30169.0,30169.0,30169.0,False
777193,38175.0,38175.0,38175.0,False
777192,30681.0,30681.0,30681.0,False
777180,26368.0,26368.0,26368.0,False
777191,20658.0,20658.0,20658.0,False
777185,38670.0,38670.0,38670.0,False
777186,40212.0,40212.0,40212.0,False
777189,8620.0,8620.0,8620.0,False
777198,35200.0,35200.0,35200.0,False
777177,18398.0,18398.0,18398.0,False
777172,11123.0,11123.0,11123.0,False
777163,37334.0,37334.0,37334.0,False
777182,22019.0,22019.0,22019.0,False
777184,35651.0,35651.0,35651.0,False
777179,31691.0,31691.0,31691.0,False
777175,33607.0,33607.0,33607.0,False
777176,9273.0,9273.0,9273.0,False
777173,33470.0,33470.0,33470.0,False
777178,20956.0,20956.0,20956.0,False
777174,27683.0,27683.0,27683.0,False
777162,43066.0,43066.0,43066.0,False
777171,25462.0,25462.0,25462.0,False
777183,15867.0,15867.0,15867.0,False
777169,41241.0,41241.0,41241.0,False
777165,25262.0,25262.0,17961.0,True
777181,17961.0,25262.0,17961.0,True
777166,34391.0,34391.0,34391.0,False
777168,28950.0,28950.0,28950.0,False
777167,21141.0,21141.0,21141.0,False
777156,10258.0,10258.0,10258.0,False
777159,27071.0,27071.0,27071.0,False
777158,39079.0,39079.0,39079.0,False
777170,31884.0,31884.0,31884.0,False
777155,35452.0,35452.0,35452.0,False
777154,40233.0,40233.0,40233.0,False
777164,12869.0,25084.0,12869.0,True
777146,25084.0,25084.0,12869.0,True
777153,46327.0,46327.0,46327.0,False
777161,41681.0,41681.0,41681.0,False
777151,28268.0,28268.0,28268.0,False
777160,31092.0,31092.0,31092.0,False
777148,40100.0,40100.0,40100.0,False
777147,29625.0,29625.0,29625.0,False
777143,40785.0,40785.0,40785.0,False
777150,35209.0,35209.0,35209.0,False
777139,43856.0,43856.0,43856.0,False
777149,35057.0,35057.0,35057.0,False
777152,7950.0,7950.0,7950.0,False
777157,22213.0,22213.0,22213.0,False
777140,33663.0,33663.0,33663.0,False
777142,46839.0,46839.0,46839.0,False
777145,36438.0,36438.0,36438.0,False
777134,26496.0,26496.0,26496.0,False
777133,31807.0,31807.0,31807.0,False
777127,41029.0,41029.0,41029.0,False
777141,34332.0,34332.0,34332.0,False
777136,24620.0,24620.0,24620.0,False
777144,36453.0,36453.0,36453.0,False
777138,21785.0,21785.0,21785.0,False
777135,35015.0,35015.0,35015.0,False
777137,39696.0,39696.0,39696.0,False
777126,43444.0,43444.0,43444.0,False
777131,43008.0,43008.0,43008.0,False
777132,8738.0,8738.0,8738.0,False
777113,24959.0,24959.0,24959.0,False
777130,36497.0,36497.0,36497.0,False
777129,17759.0,17759.0,17759.0,False
777122,45435.0,45435.0,45435.0,False
777128,24541.0,24541.0,24541.0,False
777121,34671.0,34671.0,34671.0,False
777124,22121.0,22121.0,22121.0,False
777117,43398.0,43398.0,43398.0,False
777123,32135.0,32135.0,32135.0,False
777120,24680.0,24680.0,24680.0,False
777118,26959.0,26959.0,26959.0,False
777119,41048.0,41048.0,41048.0,False
777116,8884.0,8884.0,8884.0,False
777115,26773.0,26773.0,26773.0,False
777125,37939.0,37939.0,37939.0,False
777101,41011.0,41011.0,41011.0,False
777107,28899.0,28899.0,28899.0,False
777111,42390.0,42390.0,42390.0,False
777112,22316.0,22316.0,22316.0,False
777106,44482.0,44482.0,44482.0,False
777108,41339.0,41339.0,41339.0,False
777105,34691.0,34691.0,34691.0,False
777100,31938.0,31938.0,31938.0,False
777114,41844.0,41844.0,41844.0,False
777110,10046.0,10046.0,10046.0,False
777098,36068.0,36068.0,36068.0,False
777102,37759.0,37759.0,37759.0,False
777099,41834.0,41834.0,41834.0,False
777103,49281.0,49281.0,49281.0,False
777109,14442.0,14442.0,14442.0,False
777088,37045.0,37045.0,37045.0,False
777092,42605.0,42605.0,42605.0,False
777093,14292.0,14292.0,14292.0,False
777089,43124.0,43124.0,43124.0,False
777090,38041.0,38041.0,38041.0,False
777091,31136.0,31136.0,31136.0,False
777095,10046.0,10046.0,10046.0,False
777104,32949.0,32949.0,32949.0,False
777096,40703.0,40703.0,40703.0,False
777081,42817.0,42817.0,42817.0,False
777097,42530.0,42530.0,42530.0,False
777080,42131.0,42131.0,42131.0,False
777085,53540.0,53540.0,53540.0,False
777086,31700.0,31700.0,31700.0,False
777094,42015.0,42015.0,42015.0,False
777083,40125.0,40125.0,40125.0,False
777084,25855.0,25855.0,25855.0,False
777076,9195.0,9195.0,9195.0,False
777077,21996.0,21996.0,21996.0,False
777078,40616.0,40616.0,40616.0,False
777074,19631.0,19631.0,19631.0,False
777087,42981.0,42981.0,42981.0,False
777075,40433.0,40433.0,40433.0,False
777082,18219.0,18219.0,18219.0,False
777072,27796.0,27796.0,27796.0,False
777067,33189.0,33189.0,33189.0,False
777071,31288.0,31288.0,31288.0,False
777070,40376.0,40376.0,40376.0,False
777073,33209.0,33209.0,33209.0,False
777079,41693.0,41693.0,41693.0,False
777063,42843.0,42843.0,42843.0,False
777069,34857.0,34857.0,34857.0,False
777068,21748.0,21748.0,21748.0,False
777060,19379.0,19379.0,19379.0,False
777062,11828.0,11828.0,11828.0,False
777064,15558.0,15558.0,15558.0,False
777066,41788.0,41788.0,41788.0,False
777051,51121.0,51121.0,51121.0,False
777059,10046.0,10046.0,10046.0,False
777065,38117.0,38117.0,38117.0,False
777057,26430.0,26430.0,26430.0,False
777053,27707.0,27707.0,27707.0,False
777055,20144.0,20144.0,20144.0,False
777050,30085.0,30085.0,30085.0,False
777061,41442.0,41442.0,41442.0,False
777052,11621.0,11621.0,11621.0,False
777042,29071.0,29071.0,29071.0,False
777045,43409.0,43409.0,43409.0,False
777044,17257.0,17257.0,17257.0,False
777056,22714.0,22714.0,22714.0,False
777054,43055.0,43055.0,43055.0,False
777048,10046.0,10046.0,10046.0,False
777058,36433.0,36433.0,36433.0,False
777047,40092.0,40092.0,40092.0,False
777043,23032.0,23032.0,23032.0,False
777049,30137.0,30137.0,30137.0,False
777040,25650.0,25650.0,25650.0,False
777035,32189.0,32189.0,32189.0,False
777039,45074.0,45074.0,45074.0,False
777046,42326.0,42326.0,42326.0,False
777034,41591.0,41591.0,41591.0,False
777032,22513.0,22513.0,22513.0,False
777037,15137.0,15137.0,15137.0,False
777026,21567.0,21567.0,21567.0,False
777041,33352.0,33352.0,33352.0,False
777029,17248.0,17248.0,17248.0,False
777031,38624.0,38624.0,38624.0,False
777038,42601.0,42601.0,42601.0,False
777030,10046.0,10046.0,10046.0,False
777024,41449.0,41449.0,41449.0,False
777022,40094.0,40094.0,40094.0,False
777036,30476.0,30476.0,30476.0,False
777027,42143.0,42143.0,42143.0,False
777033,27719.0,27719.0,27719.0,False
777028,27711.0,27711.0,27711.0,False
777021,30051.0,30051.0,30051.0,False
777019,26223.0,26223.0,26223.0,False
777023,30601.0,30601.0,30601.0,False
777025,32386.0,32386.0,32386.0,False
777018,28532.0,28532.0,28532.0,False
777005,29297.0,29297.0,29297.0,False
777014,21296.0,21296.0,21296.0,False
777020,25090.0,25090.0,25090.0,False
777015,47018.0,47018.0,47018.0,False
777012,36369.0,36369.0,36369.0,False
777013,30110.0,30110.0,30110.0,False
777017,38762.0,38762.0,38762.0,False
777008,41944.0,41944.0,41944.0,False
777007,37700.0,37700.0,37700.0,False
777011,27736.0,27736.0,27736.0,False
777006,37821.0,37821.0,37821.0,False
777004,41163.0,41163.0,41163.0,False
777009,34643.0,34643.0,34643.0,False
777016,37820.0,37820.0,37820.0,False
777000,39848.0,39848.0,39848.0,False
776991,36213.0,36213.0,36213.0,False
777010,21794.0,25278.0,21794.0,True
776990,25278.0,25278.0,21794.0,True
777003,40528.0,40528.0,40528.0,False
777002,27425.0,27425.0,27425.0,False
776999,20188.0,20188.0,20188.0,False
776997,26928.0,26928.0,26928.0,False
777001,46621.0,46621.0,46621.0,False
776994,38432.0,38432.0,38432.0,False
776996,38055.0,38055.0,38055.0,False
776998,36687.0,36687.0,36687.0,False
776992,25699.0,25699.0,25699.0,False
776985,39029.0,39029.0,39029.0,False
776995,40836.0,40836.0,40836.0,False
776993,38318.0,38318.0,38318.0,False
776975,16590.0,16590.0,16590.0,False
776986,16407.0,16407.0,16407.0,False
776983,35465.0,35465.0,35465.0,False
776984,20779.0,20779.0,20779.0,False
776988,45612.0,45612.0,45612.0,False
776982,20258.0,20258.0,20258.0,False
776987,36053.0,36053.0,36053.0,False
776976,36976.0,36976.0,36976.0,False
776989,38036.0,38036.0,38036.0,False
776978,40158.0,40158.0,40158.0,False
776980,26080.0,26080.0,26080.0,False
776981,35914.0,35914.0,35914.0,False
776977,27219.0,27219.0,27219.0,False
776974,40124.0,40124.0,40124.0,False
776979,20374.0,20374.0,20374.0,False
776973,23124.0,23124.0,23124.0,False
776966,20176.0,20176.0,20176.0,False
776961,24443.0,24443.0,24443.0,False
776972,15106.0,15106.0,15106.0,False
776970,37308.0,37308.0,37308.0,False
776968,19130.0,19130.0,19130.0,False
776967,33589.0,33589.0,33589.0,False
776960,20510.0,20510.0,20510.0,False
776965,41076.0,41076.0,41076.0,False
776958,24538.0,24538.0,24538.0,False
776959,43596.0,43596.0,43596.0,False
776964,35572.0,35572.0,35572.0,False
776957,9536.0,9536.0,9536.0,False
776969,28786.0,28786.0,28786.0,False
776971,23850.0,23850.0,23850.0,False
776963,36135.0,36135.0,36135.0,False
776949,35660.0,35660.0,35660.0,False
776953,27697.0,27697.0,27697.0,False
776951,19803.0,19803.0,19803.0,False
776962,14929.0,16194.0,14929.0,True
778372,16194.0,16194.0,14929.0,True
776955,22562.0,22562.0,22562.0,False
776945,26390.0,26390.0,26390.0,False
776944,8671.0,8671.0,8671.0,False
776952,20730.0,20730.0,20730.0,False
776956,40136.0,40136.0,40136.0,False
776946,20523.0,20523.0,20523.0,False
776950,35741.0,35741.0,35741.0,False
776947,45088.0,45088.0,45088.0,False
776943,38142.0,38142.0,38142.0,False
776954,27460.0,27460.0,27460.0,False
776936,17726.0,17726.0,17726.0,False
776948,17049.0,17049.0,17049.0,False
776940,29033.0,29033.0,29033.0,False
776935,29146.0,29146.0,29146.0,False
776937,31357.0,31357.0,31357.0,False
776939,12718.0,12718.0,12718.0,False
776929,42807.0,42807.0,42807.0,False
776938,45355.0,45355.0,45355.0,False
776931,42627.0,42627.0,42627.0,False
776942,21560.0,21560.0,21560.0,False
776941,32976.0,32976.0,32976.0,False
776934,20813.0,20813.0,20813.0,False
776932,27162.0,27162.0,27162.0,False
776930,9165.0,9165.0,9165.0,False
776933,38144.0,38144.0,38144.0,False
776927,44292.0,44292.0,44292.0,False
776923,28293.0,28293.0,28293.0,False
776928,27169.0,27169.0,27169.0,False
776921,29269.0,29269.0,29269.0,False
776924,32777.0,32777.0,32777.0,False
776915,40520.0,40520.0,40520.0,False
776913,43241.0,43241.0,43241.0,False
776917,25194.0,25194.0,25194.0,False
776922,36881.0,36881.0,36881.0,False
776926,42777.0,42777.0,42777.0,False
776920,41492.0,41492.0,41492.0,False
776925,32299.0,32299.0,32299.0,False
776918,10046.0,10046.0,10046.0,False
776919,36030.0,36030.0,36030.0,False
776906,44933.0,44933.0,44933.0,False
776914,8730.0,8730.0,8730.0,False
776908,40984.0,40984.0,40984.0,False
776916,29937.0,29937.0,29937.0,False
776912,44669.0,44669.0,44669.0,False
776911,43455.0,43455.0,43455.0,False
776901,10046.0,10046.0,10046.0,False
776902,40781.0,40781.0,40781.0,False
776900,41842.0,41842.0,41842.0,False
776903,28869.0,28869.0,28869.0,False
776898,39161.0,39161.0,39161.0,False
776904,33046.0,33046.0,33046.0,False
776897,37226.0,37226.0,37226.0,False
776910,34645.0,34645.0,34645.0,False
776899,8687.0,8687.0,8687.0,False
776896,44533.0,44533.0,44533.0,False
776905,35116.0,35116.0,35116.0,False
776909,36215.0,36215.0,36215.0,False
776891,34601.0,34601.0,34601.0,False
776907,91032.0,91032.0,91032.0,False
776893,41461.0,41461.0,41461.0,False
776895,36081.0,36081.0,36081.0,False
776889,10046.0,10046.0,10046.0,False
776892,29240.0,29240.0,29240.0,False
776887,42876.0,42876.0,42876.0,False
776888,39430.0,39430.0,39430.0,False
776890,41569.0,41569.0,41569.0,False
776883,29510.0,29510.0,29510.0,False
776884,44709.0,44709.0,44709.0,False
776894,20066.0,20066.0,20066.0,False
776885,30963.0,30963.0,30963.0,False
776881,8830.0,8830.0,8830.0,False
776886,32394.0,32394.0,32394.0,False
776882,30790.0,30790.0,30790.0,False
776879,13921.0,13921.0,13921.0,False
776874,24018.0,24018.0,24018.0,False
776877,41099.0,41099.0,41099.0,False
776880,37585.0,37585.0,37585.0,False
776875,10827.0,10827.0,10827.0,False
776872,22075.0,22075.0,22075.0,False
776878,37937.0,37937.0,37937.0,False
776871,33320.0,33320.0,33320.0,False
776867,25754.0,25754.0,25754.0,False
776873,20196.0,20196.0,20196.0,False
776870,46628.0,46628.0,46628.0,False
776876,37886.0,37886.0,37886.0,False
776864,37013.0,37013.0,37013.0,False
776869,30642.0,30642.0,30642.0,False
776866,18421.0,18421.0,18421.0,False
776861,26313.0,26313.0,26313.0,False
776862,12186.0,12186.0,12186.0,False
776868,43660.0,43660.0,43660.0,False
776863,39895.0,39895.0,39895.0,False
776852,20903.0,20903.0,20903.0,False
776860,39797.0,39797.0,39797.0,False
776854,25141.0,25141.0,25141.0,False
776848,27018.0,27018.0,27018.0,False
776857,30686.0,30686.0,30686.0,False
776858,50477.0,50477.0,50477.0,False
776855,35399.0,35399.0,35399.0,False
776865,21636.0,21636.0,21636.0,False
776844,14005.0,14005.0,14005.0,False
776843,22064.0,22064.0,22064.0,False
776851,42030.0,42030.0,42030.0,False
776846,40072.0,40072.0,40072.0,False
776859,29192.0,29192.0,29192.0,False
776847,37648.0,37648.0,37648.0,False
776836,21749.0,21749.0,21749.0,False
776850,14980.0,14980.0,14980.0,False
776839,44621.0,44621.0,44621.0,False
776845,35565.0,35565.0,35565.0,False
776849,10073.0,10073.0,10073.0,False
776841,32756.0,32756.0,32756.0,False
776853,30964.0,30964.0,30964.0,False
776856,37012.0,37012.0,37012.0,False
776838,22692.0,22692.0,22692.0,False
776842,32460.0,32460.0,32460.0,False
776840,20339.0,20339.0,20339.0,False
776837,14519.0,14519.0,14519.0,False
776830,37930.0,37930.0,37930.0,False
776833,21007.0,21007.0,21007.0,False
776827,28242.0,28242.0,28242.0,False
776829,22092.0,22092.0,22092.0,False
776831,20796.0,20796.0,20796.0,False
776835,46027.0,46027.0,46027.0,False
776832,35290.0,35290.0,35290.0,False
776834,32717.0,32717.0,32717.0,False
776828,43469.0,43469.0,43469.0,False
776826,33453.0,33453.0,33453.0,False
776825,29941.0,29941.0,29941.0,False
776820,44061.0,44061.0,44061.0,False
776824,39780.0,39780.0,39780.0,False
776823,53825.0,53825.0,53825.0,False
776822,38679.0,38679.0,38679.0,False
776821,27575.0,27575.0,27575.0,False
776811,30078.0,30078.0,30078.0,False
776815,45738.0,45738.0,45738.0,False
776813,37741.0,37741.0,37741.0,False
776802,38742.0,38742.0,38742.0,False
776819,35433.0,35664.0,35433.0,True
778431,35664.0,35664.0,35433.0,True
776814,17893.0,17893.0,17893.0,False
776816,22539.0,22539.0,22539.0,False
776817,40156.0,40156.0,40156.0,False
776805,45249.0,45249.0,45249.0,False
776810,38471.0,38471.0,38471.0,False
776818,40048.0,40048.0,40048.0,False
776809,38337.0,38337.0,38337.0,False
776807,42389.0,42389.0,42389.0,False
776808,44727.0,44727.0,44727.0,False
776812,30274.0,30274.0,30274.0,False
776799,42461.0,42461.0,42461.0,False
776804,23183.0,23183.0,23183.0,False
776801,21239.0,21239.0,21239.0,False
776803,31203.0,31203.0,31203.0,False
776797,43658.0,43658.0,43658.0,False
776806,30810.0,30810.0,30810.0,False
776796,26746.0,26746.0,26746.0,False
776793,40089.0,40089.0,40089.0,False
776800,32444.0,32444.0,32444.0,False
776794,24611.0,24611.0,24611.0,False
776789,43323.0,43323.0,43323.0,False
776791,37434.0,37434.0,37434.0,False
776795,30540.0,30540.0,30540.0,False
776788,41557.0,41557.0,41557.0,False
776798,19750.0,19750.0,19750.0,False
776783,20836.0,20836.0,20836.0,False
776790,36744.0,36744.0,36744.0,False
776784,17568.0,17568.0,17568.0,False
776781,16054.0,16054.0,16054.0,False
776786,30045.0,30045.0,30045.0,False
776792,43800.0,43800.0,43800.0,False
776779,44571.0,44571.0,44571.0,False
776780,31018.0,31018.0,31018.0,False
776787,7731.0,7731.0,7731.0,False
776782,39330.0,39330.0,39330.0,False
776785,25781.0,25781.0,25781.0,False
776772,39748.0,39748.0,39748.0,False
776774,37552.0,37552.0,37552.0,False
776768,43003.0,43003.0,43003.0,False
776776,19356.0,19356.0,19356.0,False
776777,29654.0,29654.0,29654.0,False
776773,19494.0,19494.0,19494.0,False
776770,19334.0,19334.0,19334.0,False
776764,18268.0,18268.0,18268.0,False
776771,32064.0,32064.0,32064.0,False
776769,34396.0,34396.0,34396.0,False
776763,44741.0,44741.0,44741.0,False
776762,8305.0,8305.0,8305.0,False
776767,35186.0,35186.0,35186.0,False
776775,20807.0,20807.0,20807.0,False
776778,21874.0,21874.0,21874.0,False
776765,25869.0,25869.0,25869.0,False
776761,17290.0,17290.0,17290.0,False
776759,13669.0,13669.0,13669.0,False
776755,40123.0,40123.0,40123.0,False
776758,20513.0,20513.0,20513.0,False
776746,26021.0,26021.0,26021.0,False
776754,13647.0,13647.0,13647.0,False
776766,19738.0,19738.0,19738.0,False
776760,44466.0,44466.0,44466.0,False
776757,43120.0,43120.0,43120.0,False
776753,31048.0,31048.0,31048.0,False
776756,38647.0,38647.0,38647.0,False
776752,44893.0,44893.0,44893.0,False
776751,8275.0,8275.0,8275.0,False
776749,35080.0,35080.0,35080.0,False
776745,22605.0,22605.0,22605.0,False
776750,14083.0,14083.0,14083.0,False
776747,43270.0,43270.0,43270.0,False
776743,21609.0,21609.0,21609.0,False
776742,23045.0,23045.0,23045.0,False
776748,41782.0,41782.0,41782.0,False
776744,24123.0,24123.0,24123.0,False
776733,33654.0,33654.0,33654.0,False
776737,40044.0,40044.0,40044.0,False
776740,25470.0,25470.0,25470.0,False
776736,41200.0,41200.0,41200.0,False
776739,35143.0,35143.0,35143.0,False
776735,42260.0,42260.0,42260.0,False
776738,33571.0,33571.0,33571.0,False
776730,26081.0,26081.0,26081.0,False
776731,31169.0,31169.0,31169.0,False
776732,27282.0,27282.0,27282.0,False
776728,20829.0,20829.0,20829.0,False
776734,8484.0,8484.0,8484.0,False
776727,53119.0,53119.0,53119.0,False
776729,34172.0,34172.0,34172.0,False
776741,36854.0,36854.0,36854.0,False
776720,34059.0,34059.0,34059.0,False
776719,40062.0,40062.0,40062.0,False
776723,42686.0,42686.0,42686.0,False
776726,42978.0,42978.0,42978.0,False
776724,36192.0,36192.0,36192.0,False
776721,39022.0,39022.0,39022.0,False
776722,37641.0,37641.0,37641.0,False
776725,36042.0,36042.0,36042.0,False
776712,28355.0,28355.0,28355.0,False
776713,33800.0,33800.0,33800.0,False
776715,27929.0,27929.0,27929.0,False
776711,35070.0,35070.0,35070.0,False
776717,53606.0,53606.0,53606.0,False
776718,10035.0,10035.0,10035.0,False
776716,19537.0,19537.0,19537.0,False
776708,26243.0,26243.0,26243.0,False
776710,42549.0,42549.0,42549.0,False
776706,28899.0,28899.0,28899.0,False
776709,26426.0,26426.0,26426.0,False
776705,36411.0,36411.0,36411.0,False
776700,22230.0,22230.0,22230.0,False
776702,15114.0,15114.0,15114.0,False
776698,25365.0,25365.0,25365.0,False
776701,22895.0,22895.0,22895.0,False
776699,8876.0,8876.0,8876.0,False
776703,38876.0,38876.0,38876.0,False
776697,48189.0,48189.0,48189.0,False
776707,2518.0,2518.0,2518.0,False
776704,38012.0,38012.0,38012.0,False
776714,35931.0,35931.0,35931.0,False
776696,27868.0,27868.0,27868.0,False
777459,38971.0,38971.0,38971.0,True
776692,27008.0,27008.0,27008.0,False
776694,17477.0,17477.0,17477.0,False
776688,8555.0,8555.0,8555.0,False
776689,44471.0,44471.0,44471.0,False
776695,36961.0,36961.0,36961.0,False
776690,12747.0,12747.0,12747.0,False
776693,27259.0,27259.0,27259.0,False
776681,25421.0,25421.0,25421.0,False
776682,16815.0,16815.0,16815.0,False
776683,42730.0,42730.0,42730.0,False
776684,37435.0,37435.0,37435.0,False
776676,34540.0,34540.0,33103.0,True
776691,33103.0,34540.0,33103.0,True
776685,30770.0,30770.0,30770.0,False
776679,14282.0,14282.0,14282.0,False
776686,7612.0,7612.0,7612.0,False
776678,23989.0,23989.0,23989.0,False
776667,40624.0,40624.0,40624.0,False
776672,19723.0,19723.0,19723.0,False
776687,29134.0,29134.0,29134.0,False
776675,14176.0,14176.0,14176.0,False
776674,22725.0,22725.0,22725.0,False
776671,25480.0,25480.0,25480.0,False
776668,22276.0,22276.0,22276.0,False
776677,10046.0,10046.0,10046.0,False
776680,43757.0,43757.0,43757.0,False
776670,9304.0,9304.0,9304.0,False
776669,30054.0,30054.0,30054.0,False
776661,14019.0,14019.0,14019.0,False
776673,29216.0,29216.0,29216.0,False
776658,16848.0,16848.0,16848.0,False
776659,19565.0,19565.0,19565.0,False
776662,38331.0,38331.0,38331.0,False
776664,10046.0,10046.0,10046.0,False
776666,14312.0,14312.0,14312.0,False
776665,18448.0,18448.0,18448.0,False
776656,42589.0,42589.0,42589.0,False
776663,36327.0,36327.0,36327.0,False
776652,27083.0,27083.0,27083.0,False
776660,35240.0,35240.0,35240.0,False
776644,28305.0,28305.0,28305.0,False
776653,21837.0,21837.0,21837.0,False
776657,13527.0,13527.0,13527.0,False
776651,37850.0,37850.0,37850.0,False
776642,39156.0,39156.0,39156.0,False
776655,18061.0,18061.0,18061.0,False
776654,47036.0,47036.0,47036.0,False
776631,9182.0,9182.0,9182.0,False
776650,20127.0,20127.0,20127.0,False
776649,33467.0,33467.0,33467.0,False
776633,10046.0,10046.0,10046.0,False
776637,22886.0,22886.0,22886.0,False
776648,44757.0,44757.0,44757.0,False
776643,24224.0,24224.0,24224.0,False
776647,46064.0,46064.0,46064.0,False
776646,14923.0,14923.0,14923.0,False
776640,39872.0,39872.0,39872.0,False
776641,26729.0,26729.0,26729.0,False
776639,22372.0,22372.0,22372.0,False
776634,41716.0,41716.0,41716.0,False
776635,29252.0,29252.0,29252.0,False
776636,44864.0,44864.0,44864.0,False
776638,36958.0,36958.0,36958.0,False
776645,40076.0,40076.0,40076.0,False
776632,22588.0,22588.0,22588.0,False
776623,37006.0,37006.0,37006.0,False
776627,45512.0,45512.0,45512.0,False
776630,24943.0,24943.0,24943.0,False
776628,44771.0,44771.0,44771.0,False
776629,30159.0,30159.0,30159.0,False
776625,37709.0,37709.0,37709.0,False
776619,16998.0,16998.0,16998.0,False
776621,41034.0,41034.0,41034.0,False
776626,39738.0,39738.0,39738.0,False
776622,36567.0,36567.0,36567.0,False
776617,46326.0,46326.0,46326.0,False
776618,44355.0,44355.0,44355.0,False
776620,36524.0,36524.0,36524.0,False
776610,20300.0,20300.0,20300.0,False
776606,8809.0,8809.0,8809.0,False
776612,19746.0,19746.0,19746.0,False
776613,42580.0,42580.0,42580.0,False
776624,34393.0,34393.0,34393.0,False
776615,31538.0,31538.0,31538.0,False
776614,20620.0,20620.0,20620.0,False
776608,42053.0,42053.0,42053.0,False
776611,34577.0,34577.0,34577.0,False
776605,41206.0,41206.0,41206.0,False
776609,25496.0,25496.0,25496.0,False
776603,43827.0,43827.0,43827.0,False
776602,37550.0,37550.0,37550.0,False
776616,44640.0,44640.0,44640.0,False
776607,18723.0,18723.0,18723.0,False
776599,10444.0,10444.0,10444.0,False
776601,16325.0,16325.0,16325.0,False
776604,15740.0,15740.0,15740.0,False
776600,8111.0,8111.0,8111.0,False
776597,36939.0,36939.0,36939.0,False
776596,41845.0,41845.0,41845.0,False
776598,41983.0,41983.0,41983.0,False
776593,28486.0,28486.0,28486.0,False
776592,22949.0,22949.0,22949.0,False
776595,27785.0,27785.0,27785.0,False
776594,49702.0,49702.0,49702.0,False
776589,17675.0,17675.0,17675.0,False
776590,8105.0,8105.0,8105.0,False
776582,42235.0,42235.0,42235.0,False
776586,32850.0,32850.0,32850.0,False
776584,19729.0,19729.0,19729.0,False
776591,14776.0,14776.0,14776.0,False
776581,8576.0,8576.0,8576.0,False
776588,35531.0,35531.0,35531.0,False
776585,41914.0,41914.0,41914.0,False
776575,28485.0,28485.0,28485.0,False
776573,9043.0,9043.0,9043.0,False
776578,18602.0,18602.0,18602.0,False
776574,44943.0,44943.0,44943.0,False
776587,35433.0,35433.0,35433.0,False
776577,35910.0,35910.0,35910.0,False
776576,35060.0,35060.0,35060.0,False
776583,10907.0,10907.0,10907.0,False
776569,10598.0,10598.0,10598.0,False
776570,35501.0,35501.0,35501.0,False
776565,12453.0,12453.0,12453.0,False
776561,37600.0,37600.0,37600.0,False
776579,16790.0,16790.0,16790.0,False
776566,41893.0,41893.0,41893.0,False
776580,23316.0,23316.0,23316.0,False
776572,26176.0,26176.0,26176.0,False
776568,19836.0,19836.0,19836.0,False
776563,22353.0,22353.0,22353.0,False
776571,28338.0,28338.0,28338.0,False
776559,8551.0,8551.0,8551.0,False
776562,49199.0,49199.0,49199.0,False
776557,30457.0,30457.0,30457.0,False
776567,42361.0,42361.0,42361.0,False
776564,15374.0,15374.0,15374.0,False
776555,29523.0,29523.0,29523.0,False
776553,35822.0,35822.0,35822.0,False
776554,18894.0,18894.0,18894.0,False
776560,41293.0,41293.0,41293.0,False
776556,18187.0,18187.0,18187.0,False
776558,37975.0,37975.0,37975.0,False
776550,32187.0,32187.0,32187.0,False
776549,36344.0,36344.0,36344.0,False
776544,28069.0,28069.0,28069.0,False
776551,21587.0,21587.0,21587.0,False
776545,27358.0,27358.0,27358.0,False
776552,40322.0,40322.0,40322.0,False
776546,41390.0,41390.0,41390.0,False
776547,32012.0,32012.0,32012.0,False
776542,33747.0,33747.0,33747.0,False
776540,34494.0,34494.0,34494.0,False
776543,33841.0,33841.0,33841.0,False
776541,24336.0,24336.0,24336.0,False
776533,40043.0,40043.0,40043.0,False
776538,8413.0,8413.0,8413.0,False
776534,45701.0,45701.0,45701.0,False
776548,42112.0,42112.0,42112.0,False
776530,23971.0,23971.0,23971.0,False
776527,41424.0,41424.0,41424.0,False
776525,26148.0,26148.0,26148.0,False
776535,42726.0,42726.0,42726.0,False
776532,43462.0,43462.0,43462.0,False
776536,32076.0,32076.0,32076.0,False
776531,38559.0,38559.0,38559.0,False
776539,36391.0,36391.0,36391.0,False
776537,33203.0,33203.0,33203.0,False
776516,37711.0,37711.0,37711.0,False
776526,47394.0,47394.0,47394.0,False
776523,47632.0,47632.0,47632.0,False
776524,8941.0,8941.0,8941.0,False
776528,26237.0,26237.0,26237.0,False
776529,26624.0,26624.0,26624.0,False
776510,36811.0,36811.0,36811.0,False
776518,27238.0,27238.0,27238.0,False
776515,41488.0,41488.0,41488.0,False
776517,36583.0,36583.0,36583.0,False
776520,19436.0,19436.0,19436.0,False
776519,43302.0,43302.0,43302.0,False
776513,26956.0,26956.0,26956.0,False
776512,23689.0,23689.0,23689.0,False
776511,40264.0,40264.0,40264.0,False
776507,39220.0,39220.0,39220.0,False
776508,8716.0,8716.0,8716.0,False
776509,51803.0,51803.0,51803.0,False
776522,43770.0,43770.0,43770.0,False
776514,27810.0,27810.0,27810.0,False
776521,34136.0,34136.0,34136.0,False
776498,13835.0,13835.0,13835.0,False
776501,38912.0,38912.0,38912.0,False
776503,21773.0,21773.0,21773.0,False
776505,36021.0,36021.0,36021.0,False
776499,33247.0,33247.0,33247.0,False
776502,15892.0,15892.0,15892.0,False
776497,22670.0,22670.0,22670.0,False
776506,39673.0,39673.0,39673.0,False
776492,28805.0,28805.0,28805.0,False
776500,42153.0,42153.0,42153.0,False
776494,45586.0,45586.0,45586.0,False
776504,10046.0,10046.0,10046.0,False
776495,26489.0,26489.0,26489.0,False
776487,32618.0,32618.0,32618.0,False
776490,24733.0,24733.0,24733.0,False
776491,20769.0,20769.0,20769.0,False
776493,34902.0,34902.0,34902.0,False
776482,12372.0,12372.0,12372.0,False
776485,7883.0,7883.0,7883.0,False
776481,22046.0,22046.0,22046.0,False
776496,14330.0,14330.0,14330.0,False
776484,11721.0,11721.0,11721.0,False
776483,17002.0,17002.0,17002.0,False
776489,33133.0,33133.0,33133.0,False
776486,18934.0,18934.0,18934.0,False
776480,42536.0,42536.0,42536.0,False
776488,13685.0,13685.0,13685.0,False
776476,8589.0,8589.0,8589.0,False
776477,11190.0,11190.0,11190.0,False
776478,21775.0,21775.0,21775.0,False
776468,14921.0,14921.0,14921.0,False
776479,16473.0,16473.0,16473.0,False
776465,35019.0,35019.0,35019.0,False
776474,36658.0,36658.0,36658.0,False
776471,28528.0,28528.0,28528.0,False
776466,15924.0,15924.0,15924.0,False
776469,11904.0,11904.0,11904.0,False
776470,17516.0,17516.0,17516.0,False
776472,30693.0,30693.0,30693.0,False
776467,19802.0,19802.0,19802.0,False
776473,31933.0,31933.0,31933.0,False
776475,17134.0,17134.0,17134.0,False
776459,26583.0,26583.0,26583.0,False
776461,20563.0,20563.0,20563.0,False
776458,8306.0,8306.0,8306.0,False
776463,17352.0,17352.0,17352.0,False
776462,13188.0,13188.0,13188.0,False
776464,35018.0,35018.0,35018.0,False
776460,36203.0,36203.0,36203.0,False
776455,32320.0,32320.0,32320.0,False
776450,21231.0,21231.0,21231.0,False
776452,35216.0,35216.0,35216.0,False
776453,14122.0,14122.0,14122.0,False
776454,25481.0,25481.0,25481.0,False
776456,15118.0,15118.0,15118.0,False
776449,31662.0,31662.0,31662.0,False
776451,8836.0,8836.0,8836.0,False
776446,16255.0,16255.0,16255.0,False
776445,25837.0,25837.0,25837.0,False
776442,30073.0,30073.0,30073.0,False
776444,30779.0,30779.0,30779.0,False
776448,39126.0,39126.0,39126.0,False
776457,46055.0,46055.0,46055.0,False
776438,10046.0,10046.0,10046.0,False
776436,45123.0,45123.0,45123.0,False
776440,38011.0,38011.0,38011.0,False
776433,23895.0,23895.0,23895.0,False
776441,17975.0,17975.0,17975.0,False
776443,42612.0,42612.0,42612.0,False
776435,32115.0,32115.0,32115.0,False
776437,26085.0,26085.0,26085.0,False
776434,21771.0,21771.0,21771.0,False
776432,38332.0,38332.0,38332.0,False
776447,35700.0,35700.0,35700.0,False
776424,35679.0,35679.0,35679.0,False
776431,43461.0,43461.0,43461.0,False
776430,35816.0,35816.0,35816.0,False
776439,26782.0,26782.0,26782.0,False
776426,30223.0,30223.0,30223.0,False
776428,31119.0,31119.0,31119.0,False
776427,27874.0,27874.0,27874.0,False
776423,43266.0,43266.0,43266.0,False
776419,12443.0,12443.0,12443.0,False
776429,25662.0,25662.0,25662.0,False
776421,8155.0,8155.0,8155.0,False
776414,33053.0,33053.0,33053.0,False
776422,26505.0,26505.0,26505.0,False
776416,29923.0,29923.0,29923.0,False
776420,33343.0,33343.0,33343.0,False
776418,35449.0,35449.0,35449.0,False
776415,31346.0,31346.0,31346.0,False
776417,27555.0,27555.0,27555.0,False
776425,29292.0,29292.0,29292.0,False
776406,20791.0,20791.0,20791.0,False
776413,15875.0,15875.0,15875.0,False
776409,7992.0,7992.0,7992.0,False
776405,40388.0,40388.0,40388.0,False
776412,33430.0,33430.0,33430.0,False
776411,28824.0,28824.0,28824.0,False
776400,22899.0,22899.0,22899.0,False
776399,26699.0,26699.0,26699.0,False
776410,10079.0,10079.0,10079.0,False
776408,48433.0,48433.0,48433.0,False
776407,40248.0,40248.0,40248.0,False
776393,40252.0,40252.0,40252.0,False
776401,15488.0,15488.0,15488.0,False
776403,15458.0,15458.0,15458.0,False
776397,8634.0,8634.0,8634.0,False
776404,41609.0,41609.0,41609.0,False
776398,35653.0,35653.0,35653.0,False
776402,32721.0,32721.0,32721.0,False
776395,24581.0,24581.0,24581.0,False
776390,29694.0,29694.0,29694.0,False
776392,41364.0,41364.0,41364.0,False
776391,23044.0,23044.0,23044.0,False
776394,30883.0,30883.0,30883.0,False
776396,10066.0,10066.0,10066.0,False
776389,44126.0,44126.0,44126.0,False
776388,12487.0,12487.0,12487.0,False
776384,38090.0,38090.0,38090.0,False
776379,9634.0,9634.0,9634.0,False
776375,24682.0,24682.0,24682.0,False
776387,18210.0,18210.0,18210.0,False
776382,16816.0,16816.0,16816.0,False
776386,9038.0,9038.0,9038.0,False
776374,33810.0,33810.0,33810.0,False
776383,36727.0,36727.0,36727.0,False
776377,40045.0,40045.0,40045.0,False
776380,50805.0,50805.0,50805.0,False
776373,25495.0,25495.0,25495.0,False
776376,20746.0,20746.0,20746.0,False
776381,35757.0,35757.0,35757.0,False
776385,36760.0,36760.0,36760.0,False
776378,12099.0,12099.0,12099.0,False
776362,19129.0,19129.0,19129.0,False
776365,38844.0,38844.0,38844.0,False
776370,15962.0,15962.0,15962.0,False
776368,40608.0,40608.0,40608.0,False
776369,41224.0,41224.0,41224.0,False
776364,11850.0,11850.0,11850.0,False
776372,13957.0,13957.0,13957.0,False
776367,10110.0,10110.0,10110.0,False
776371,40098.0,40098.0,40098.0,False
776353,34376.0,34376.0,34376.0,False
776359,41040.0,41040.0,41040.0,False
776361,21779.0,21779.0,21779.0,False
776351,18021.0,18021.0,18021.0,False
776363,36760.0,36760.0,36760.0,False
776352,38794.0,38794.0,38794.0,False
776366,16926.0,16926.0,16926.0,False
776345,36143.0,36143.0,36143.0,False
776360,34030.0,34030.0,34030.0,False
776356,40525.0,40525.0,40525.0,False
776357,40014.0,40014.0,40014.0,False
776358,8333.0,8333.0,8333.0,False
776350,40509.0,40509.0,40509.0,False
776355,18177.0,18177.0,18177.0,False
776354,41099.0,41099.0,41099.0,False
776338,39712.0,39712.0,39712.0,False
776343,42461.0,42461.0,42461.0,False
776336,29887.0,29887.0,29887.0,False
776349,41752.0,41752.0,41752.0,False
776347,21014.0,21014.0,21014.0,False
776344,36315.0,36315.0,36315.0,False
776342,43326.0,43326.0,43326.0,False
776348,28463.0,28463.0,28463.0,False
776337,21227.0,21227.0,21227.0,False
776346,36826.0,36826.0,36826.0,False
776339,41807.0,41807.0,41807.0,False
776341,41854.0,41854.0,41854.0,False
776328,40474.0,40474.0,40474.0,False
776333,38962.0,38962.0,38962.0,False
776340,8758.0,8758.0,8758.0,False
776324,18376.0,18376.0,18376.0,False
776320,20208.0,20208.0,20208.0,False
776329,32807.0,32807.0,32807.0,False
776322,42032.0,42032.0,42032.0,False
776335,40024.0,40024.0,40024.0,False
776331,22320.0,22320.0,22320.0,False
776334,42513.0,42513.0,42513.0,False
776323,40693.0,40693.0,40693.0,False
776326,42269.0,42269.0,42269.0,False
776321,37186.0,37186.0,37186.0,False
776327,8778.0,8778.0,8778.0,False
776325,40112.0,40112.0,40112.0,False
776317,42513.0,42513.0,42513.0,False
776330,35437.0,35437.0,35437.0,False
776332,24638.0,24638.0,24638.0,False
776318,15706.0,15706.0,15706.0,False
776315,13979.0,13979.0,13979.0,False
776316,8972.0,8972.0,8972.0,False
776314,11020.0,11020.0,11020.0,False
776313,22001.0,22001.0,22001.0,False
776312,18095.0,18095.0,18095.0,False
776319,30484.0,30484.0,30484.0,False
776309,21521.0,21521.0,21521.0,False
776311,43602.0,43602.0,43602.0,False
776306,12428.0,12428.0,12428.0,False
777825,15584.0,19216.0,15584.0,True
776307,19216.0,19216.0,15584.0,True
776303,31639.0,31639.0,31639.0,False
776310,35886.0,35886.0,35886.0,False
776304,41819.0,41819.0,41819.0,False
776305,8908.0,8908.0,8908.0,False
776301,35026.0,35026.0,35026.0,False
776308,14714.0,14714.0,14714.0,False
776298,25500.0,25500.0,25500.0,False
776295,28566.0,28566.0,28566.0,False
776300,21848.0,21848.0,21848.0,False
776293,22764.0,22764.0,22764.0,False
776294,26431.0,26431.0,26431.0,False
776297,44063.0,44063.0,44063.0,False
776302,20017.0,20017.0,20017.0,False
776290,8959.0,8959.0,8959.0,False
776287,13488.0,13488.0,13488.0,False
776283,23462.0,23462.0,23462.0,False
776285,10919.0,10919.0,10919.0,False
776279,19513.0,19513.0,19513.0,False
776296,34415.0,34415.0,34415.0,False
776286,14420.0,14420.0,14420.0,False
776284,20206.0,20206.0,20206.0,False
776288,41783.0,41783.0,41783.0,False
776289,19127.0,19127.0,19127.0,False
776291,28493.0,28493.0,28493.0,False
776292,33084.0,33084.0,33084.0,False
776277,21862.0,21862.0,21862.0,False
776280,50859.0,50859.0,50859.0,False
776299,36404.0,36404.0,36404.0,False
776275,34267.0,34267.0,34267.0,False
776276,38127.0,38127.0,38127.0,False
776269,8042.0,8042.0,8042.0,False
776281,32838.0,32838.0,32838.0,False
776272,18137.0,18137.0,18137.0,False
776270,21760.0,21760.0,21760.0,False
776282,18532.0,18532.0,18532.0,False
776278,25253.0,25253.0,25253.0,False
776274,34261.0,34261.0,34261.0,False
776271,41225.0,41225.0,41225.0,False
776264,30505.0,30505.0,30505.0,False
776267,25584.0,25584.0,25584.0,False
776266,20584.0,20584.0,20584.0,False
776273,26269.0,26269.0,26269.0,False
776259,39484.0,39484.0,39484.0,False
776261,10046.0,10046.0,10046.0,False
776260,26459.0,26459.0,26459.0,False
776265,29752.0,29752.0,29752.0,False
776251,26374.0,26374.0,26374.0,False
776253,47587.0,47587.0,47587.0,False
776262,41471.0,41471.0,41471.0,False
776263,20159.0,20159.0,20159.0,False
776255,36981.0,36981.0,36981.0,False
776256,53037.0,53037.0,53037.0,False
776268,33554.0,33554.0,33554.0,False
776249,18209.0,18209.0,18209.0,False
776257,37675.0,37675.0,37675.0,False
777839,22160.0,23242.0,22160.0,True
776243,23242.0,23242.0,22160.0,True
776252,43412.0,43412.0,43412.0,False
776258,38079.0,38079.0,38079.0,False
776247,10046.0,10046.0,10046.0,False
776244,36212.0,36212.0,36212.0,False
776254,31756.0,31756.0,31756.0,False
776248,42065.0,42065.0,42065.0,False
776250,27345.0,27345.0,27345.0,False
776245,25774.0,25774.0,25774.0,False
776241,36407.0,36407.0,36407.0,False
776246,35498.0,35498.0,35498.0,False
776233,53251.0,53251.0,53251.0,False
776242,36054.0,36054.0,36054.0,False
776235,24205.0,24205.0,24205.0,False
776238,34042.0,34042.0,34042.0,False
776234,16107.0,16107.0,16107.0,False
776240,31974.0,31974.0,31974.0,False
776239,29661.0,29661.0,29661.0,False
776237,42960.0,42960.0,42960.0,False
776229,32936.0,32936.0,32936.0,False
776231,32723.0,32723.0,32723.0,False
776226,27331.0,27331.0,27331.0,False
776232,28516.0,28516.0,28516.0,False
776227,46601.0,46601.0,46601.0,False
776230,37105.0,37105.0,37105.0,False
776228,41893.0,41893.0,41893.0,False
776236,10046.0,10046.0,10046.0,False
776225,22526.0,22526.0,22526.0,False
776221,35248.0,35248.0,35248.0,False
776222,42371.0,42371.0,42371.0,False
776220,31301.0,31301.0,31301.0,False
776209,35729.0,35729.0,35729.0,False
776223,15267.0,15267.0,15267.0,False
776218,29571.0,29571.0,29571.0,False
776224,29847.0,29847.0,29847.0,False
776216,38318.0,38318.0,38318.0,False
776217,42927.0,42927.0,42927.0,False
776215,38041.0,38041.0,38041.0,False
776213,42882.0,42882.0,42882.0,False
776210,24674.0,24674.0,24674.0,False
776207,30861.0,30861.0,30861.0,False
776212,35925.0,35925.0,35925.0,False
776214,44089.0,44089.0,44089.0,False
776211,37012.0,37012.0,37012.0,False
776208,9465.0,9465.0,9465.0,False
776219,37322.0,37322.0,37322.0,False
776206,39438.0,39438.0,39438.0,False
776200,32898.0,32898.0,32898.0,False
776203,18367.0,18367.0,18367.0,False
776204,26293.0,26293.0,26293.0,False
776202,30725.0,30725.0,30725.0,False
776201,36816.0,36816.0,36816.0,False
776198,41462.0,41462.0,41462.0,False
776196,32409.0,32409.0,32409.0,False
776205,35060.0,35060.0,35060.0,False
776192,24622.0,24622.0,24622.0,False
776197,29266.0,29266.0,29266.0,False
776193,43417.0,43417.0,43417.0,False
776195,9753.0,9753.0,9753.0,False
776194,42883.0,42883.0,42883.0,False
776199,37751.0,37751.0,37751.0,False
776188,36265.0,36265.0,36265.0,False
776190,24249.0,24249.0,24249.0,False
776191,16777.0,16777.0,16777.0,False
776183,23298.0,23298.0,23298.0,False
776182,8293.0,8293.0,8293.0,False
776185,34952.0,34952.0,34952.0,False
776184,38545.0,38545.0,38545.0,False
776186,42129.0,42129.0,42129.0,False
776187,38465.0,38465.0,38465.0,False
776178,35752.0,35752.0,35752.0,False
776179,40686.0,40686.0,40686.0,False
776189,30942.0,30942.0,30942.0,False
776173,34546.0,34546.0,34546.0,False
776167,35611.0,35611.0,35611.0,False
776176,40073.0,40073.0,40073.0,False
776165,33938.0,33938.0,33938.0,False
776174,44596.0,44596.0,44596.0,False
776177,42184.0,42184.0,42184.0,False
776175,36275.0,36275.0,36275.0,False
776171,40316.0,40316.0,40316.0,False
776180,34500.0,34500.0,34500.0,False
776169,37448.0,37448.0,37448.0,False
776170,44547.0,44547.0,44547.0,False
776168,45458.0,45458.0,45458.0,False
776172,10543.0,10543.0,10543.0,False
776166,40048.0,40048.0,40048.0,False
776181,37052.0,37052.0,37052.0,False
776163,40506.0,40506.0,40506.0,False
776162,46085.0,46085.0,46085.0,False
776159,42624.0,42624.0,42624.0,False
776146,38201.0,38201.0,38201.0,False
776160,24360.0,24360.0,24360.0,False
776157,36478.0,36478.0,36478.0,False
776164,38035.0,38035.0,38035.0,False
776155,36487.0,36487.0,36487.0,False
776158,36000.0,36000.0,36000.0,False
776156,35007.0,35007.0,35007.0,False
776153,40801.0,40801.0,40801.0,False
776152,44457.0,44457.0,44457.0,False
776150,45701.0,45701.0,45701.0,False
776154,10047.0,10047.0,10047.0,False
776161,35609.0,35609.0,35609.0,False
776145,42083.0,42083.0,42083.0,False
776151,35503.0,35503.0,35503.0,False
776138,8754.0,8754.0,8754.0,False
776137,37536.0,37536.0,37536.0,False
776141,42637.0,42637.0,42637.0,False
776140,45004.0,45004.0,45004.0,False
776139,45658.0,45658.0,45658.0,False
776143,22473.0,22473.0,22473.0,False
776136,45072.0,45072.0,45072.0,False
776147,31054.0,31054.0,31054.0,False
776148,34660.0,34660.0,34660.0,False
776144,41055.0,41055.0,41055.0,False
776149,35827.0,35827.0,35827.0,False
776135,30609.0,30609.0,30609.0,False
776142,37497.0,37497.0,37497.0,False
